mutation,pos,wt,mut,esm_model,esm_wt_marginal_llr,lm_score
Q2M,2,Q,M,esm2_t6_8M_UR50D,1.238170862197876,3.7892172395125776
I6T,6,I,T,esm2_t6_8M_UR50D,-0.8228979110717773,2.5292010410396175
W43V,43,W,V,esm2_t6_8M_UR50D,-0.9544262886047363,2.448792328628005
F30A,30,F,A,esm2_t6_8M_UR50D,-1.223207950592041,2.284475032500507
W43I,43,W,I,esm2_t6_8M_UR50D,-1.3565136194229126,2.2029797887446625
Q2G,2,Q,G,esm2_t6_8M_UR50D,-1.3972009420394897,2.1781059532694624
Q2T,2,Q,T,esm2_t6_8M_UR50D,-1.465070128440857,2.136614725343457
F30L,30,F,L,esm2_t6_8M_UR50D,-1.5793713331222534,2.066737692965222
E56K,56,E,K,esm2_t6_8M_UR50D,-1.5807266235351562,2.0659091481364222
Q2D,2,Q,D,esm2_t6_8M_UR50D,-1.5928009748458862,2.058527600060548
W43L,43,W,L,esm2_t6_8M_UR50D,-1.6581422090530396,2.018581813390548
D47A,47,D,A,esm2_t6_8M_UR50D,-1.692546010017395,1.9975493534036068
E42T,42,E,T,esm2_t6_8M_UR50D,-1.8485510349273682,1.902177058709185
Q2K,2,Q,K,esm2_t6_8M_UR50D,-1.8542813062667847,1.8986739079153103
L12Y,12,L,Y,esm2_t6_8M_UR50D,-1.8705626726150513,1.8887204383377065
Q2S,2,Q,S,esm2_t6_8M_UR50D,-1.962640643119812,1.8324293839763999
W43A,43,W,A,esm2_t6_8M_UR50D,-2.003042221069336,1.8077302359807168
Q2A,2,Q,A,esm2_t6_8M_UR50D,-2.0171008110046387,1.7991356411394834
N35A,35,N,A,esm2_t6_8M_UR50D,-2.022279977798462,1.795969403244152
N35K,35,N,K,esm2_t6_8M_UR50D,-2.0894854068756104,1.7548839574983521
L7V,7,L,V,esm2_t6_8M_UR50D,-2.107898235321045,1.743627437385175
I6E,6,I,E,esm2_t6_8M_UR50D,-2.1083333492279053,1.7433614343396022
F30V,30,F,V,esm2_t6_8M_UR50D,-2.108701229095459,1.7431365342303862
V29A,29,V,A,esm2_t6_8M_UR50D,-2.12686824798584,1.7320302876185711
F30I,30,F,I,esm2_t6_8M_UR50D,-2.1406807899475098,1.7235861120337932
W43F,43,W,F,esm2_t6_8M_UR50D,-2.14963436126709,1.7181124252538238
Y33I,33,Y,I,esm2_t6_8M_UR50D,-2.1613082885742188,1.7109756728574235
Q2E,2,Q,E,esm2_t6_8M_UR50D,-2.17240571975708,1.7041913562770203
Y33L,33,Y,L,esm2_t6_8M_UR50D,-2.182833671569824,1.697816319999066
W43Y,43,W,Y,esm2_t6_8M_UR50D,-2.197904109954834,1.688603140541169
D40T,40,D,T,esm2_t6_8M_UR50D,-2.2069168090820312,1.6830933064980205
Q2N,2,Q,N,esm2_t6_8M_UR50D,-2.2213845252990723,1.674248595916402
Y3V,3,Y,V,esm2_t6_8M_UR50D,-2.301147937774658,1.6254859378876347
K28A,28,K,A,esm2_t6_8M_UR50D,-2.3019113540649414,1.6250192300783612
L12V,12,L,V,esm2_t6_8M_UR50D,-2.341668128967285,1.6007142767329532
I6K,6,I,K,esm2_t6_8M_UR50D,-2.3423824310302734,1.6002775944729333
D36A,36,D,A,esm2_t6_8M_UR50D,-2.3647165298461914,1.586623840337544
I6S,6,I,S,esm2_t6_8M_UR50D,-2.384608745574951,1.574462909869419
Q2V,2,Q,V,esm2_t6_8M_UR50D,-2.3960652351379395,1.5674590861182582
K13T,13,K,T,esm2_t6_8M_UR50D,-2.41239333152771,1.5574770485423355
A34L,34,A,L,esm2_t6_8M_UR50D,-2.4233977794647217,1.5507495764483836
D40K,40,D,K,esm2_t6_8M_UR50D,-2.4556398391723633,1.531038677893886
E42K,42,E,K,esm2_t6_8M_UR50D,-2.476623058319092,1.518210772118067
I6V,6,I,V,esm2_t6_8M_UR50D,-2.5051262378692627,1.5007856049392814
V29L,29,V,L,esm2_t6_8M_UR50D,-2.5292301177978516,1.4860499107451044
N35T,35,N,T,esm2_t6_8M_UR50D,-2.534954071044922,1.4825506224612064
T17V,17,T,V,esm2_t6_8M_UR50D,-2.563267230987549,1.465241622091912
D47K,47,D,K,esm2_t6_8M_UR50D,-2.573932647705078,1.4587214137408668
N35E,35,N,E,esm2_t6_8M_UR50D,-2.579805374145508,1.4551311742786468
Y33V,33,Y,V,esm2_t6_8M_UR50D,-2.6425700187683105,1.4167605629037185
L7K,7,L,K,esm2_t6_8M_UR50D,-2.649492025375366,1.412528855275161
L5V,5,L,V,esm2_t6_8M_UR50D,-2.6567091941833496,1.408116702840894
D47P,47,D,P,esm2_t6_8M_UR50D,-2.6675662994384766,1.4014793073947034
Q32A,32,Q,A,esm2_t6_8M_UR50D,-2.667755603790283,1.4013635778504925
D47E,47,D,E,esm2_t6_8M_UR50D,-2.6740036010742188,1.3975439198711594
N35D,35,N,D,esm2_t6_8M_UR50D,-2.6822586059570312,1.3924972955150412
F52L,52,F,L,esm2_t6_8M_UR50D,-2.693972110748291,1.3853363477731258
A23K,23,A,K,esm2_t6_8M_UR50D,-2.694204330444336,1.3851943823120914
F52V,52,F,V,esm2_t6_8M_UR50D,-2.696141004562378,1.3840104136878784
A20T,20,A,T,esm2_t6_8M_UR50D,-2.6999268531799316,1.381695968558754
Y3A,3,Y,A,esm2_t6_8M_UR50D,-2.707488536834717,1.377073200014431
Y33A,33,Y,A,esm2_t6_8M_UR50D,-2.7658040523529053,1.3414225244386455
N35V,35,N,V,esm2_t6_8M_UR50D,-2.7846450805664062,1.329904228177606
T11E,11,T,E,esm2_t6_8M_UR50D,-2.8001561164855957,1.3204216933069863
F52I,52,F,I,esm2_t6_8M_UR50D,-2.8043951988220215,1.3178301677451858
L7I,7,L,I,esm2_t6_8M_UR50D,-2.838266134262085,1.2971234703921382
T55K,55,T,K,esm2_t6_8M_UR50D,-2.8436789512634277,1.2938143925052115
L12I,12,L,I,esm2_t6_8M_UR50D,-2.856508255004883,1.2859713109258817
E42S,42,E,S,esm2_t6_8M_UR50D,-2.874619245529175,1.2748993167610305
D46N,46,D,N,esm2_t6_8M_UR50D,-2.876678228378296,1.2736405757738705
Q2P,2,Q,P,esm2_t6_8M_UR50D,-2.8850765228271484,1.26850635260658
D47S,47,D,S,esm2_t6_8M_UR50D,-2.887899875640869,1.2667803207897723
W43G,43,W,G,esm2_t6_8M_UR50D,-2.888026237487793,1.266703070590236
T17I,17,T,I,esm2_t6_8M_UR50D,-2.8960840702056885,1.2617769856964132
D40S,40,D,S,esm2_t6_8M_UR50D,-2.9125099182128906,1.25173518853217
Q32E,32,Q,E,esm2_t6_8M_UR50D,-2.9182441234588623,1.248229632779253
Q32K,32,Q,K,esm2_t6_8M_UR50D,-2.9229531288146973,1.2453508239282338
D40V,40,D,V,esm2_t6_8M_UR50D,-2.9330878257751465,1.2391550664152409
I6D,6,I,D,esm2_t6_8M_UR50D,-2.933478593826294,1.2389161738170522
V21L,21,V,L,esm2_t6_8M_UR50D,-2.9403913021087646,1.23469015063714
Y3I,3,Y,I,esm2_t6_8M_UR50D,-2.940776824951172,1.2344544646510076
W43T,43,W,T,esm2_t6_8M_UR50D,-2.9614791870117188,1.22179825837529
E27A,27,E,A,esm2_t6_8M_UR50D,-2.963141679763794,1.2207819081085614
K13S,13,K,S,esm2_t6_8M_UR50D,-2.963716983795166,1.2204302010680312
T17L,17,T,L,esm2_t6_8M_UR50D,-2.9641098976135254,1.2201899966740015
E19T,19,E,T,esm2_t6_8M_UR50D,-2.964914560317993,1.2196980732335585
K13E,13,K,E,esm2_t6_8M_UR50D,-2.981038808822632,1.209840656262548
F30K,30,F,K,esm2_t6_8M_UR50D,-2.983473777770996,1.2083520594929942
Y3G,3,Y,G,esm2_t6_8M_UR50D,-2.9856581687927246,1.2070166513266716
G14V,14,G,V,esm2_t6_8M_UR50D,-2.9859206676483154,1.206856174968767
E19A,19,E,A,esm2_t6_8M_UR50D,-2.9916434288024902,1.2033576154603363
E19V,19,E,V,esm2_t6_8M_UR50D,-3.0006051063537598,1.1978789730071893
K13D,13,K,D,esm2_t6_8M_UR50D,-3.0093464851379395,1.1925350082604034
N35L,35,N,L,esm2_t6_8M_UR50D,-3.017852783203125,1.1873347580357734
Q32V,32,Q,V,esm2_t6_8M_UR50D,-3.0201945304870605,1.1859031515077643
D40E,40,D,E,esm2_t6_8M_UR50D,-3.0395216941833496,1.1740876606111503
N37L,37,N,L,esm2_t6_8M_UR50D,-3.0405688285827637,1.1734475042406538
D47T,47,D,T,esm2_t6_8M_UR50D,-3.042191982269287,1.172455203564347
T51K,51,T,K,esm2_t6_8M_UR50D,-3.0446503162384033,1.1709523227956335
D40A,40,D,A,esm2_t6_8M_UR50D,-3.050105094909668,1.167617592012257
T18G,18,T,G,esm2_t6_8M_UR50D,-3.058943271636963,1.1622144506975245
E19K,19,E,K,esm2_t6_8M_UR50D,-3.058952808380127,1.1622086204937858
L5I,5,L,I,esm2_t6_8M_UR50D,-3.0600345134735107,1.161547329634737
G14T,14,G,T,esm2_t6_8M_UR50D,-3.070054054260254,1.1554219718318874
T18A,18,T,A,esm2_t6_8M_UR50D,-3.0820422172546387,1.1480931142223008
E56A,56,E,A,esm2_t6_8M_UR50D,-3.0968689918518066,1.1390288964699244
K13A,13,K,A,esm2_t6_8M_UR50D,-3.103022336959839,1.1352671032626969
T18V,18,T,V,esm2_t6_8M_UR50D,-3.107339382171631,1.1326279157853334
E15T,15,E,T,esm2_t6_8M_UR50D,-3.108585834503174,1.1318659081567004
Q32D,32,Q,D,esm2_t6_8M_UR50D,-3.124659538269043,1.1220393912655044
N35I,35,N,I,esm2_t6_8M_UR50D,-3.129204511642456,1.119260861918789
T16V,16,T,V,esm2_t6_8M_UR50D,-3.1312854290008545,1.1179887114630298
T17A,17,T,A,esm2_t6_8M_UR50D,-3.137874126434326,1.113960769455136
Y33F,33,Y,F,esm2_t6_8M_UR50D,-3.1437997817993164,1.1103381723621668
T18K,18,T,K,esm2_t6_8M_UR50D,-3.149963617324829,1.1065699659308266
T17G,17,T,G,esm2_t6_8M_UR50D,-3.1516928672790527,1.1055128042379279
N8D,8,N,D,esm2_t6_8M_UR50D,-3.1827423572540283,1.0865309726609402
I6A,6,I,A,esm2_t6_8M_UR50D,-3.19465970993042,1.0792454043141126
D36E,36,D,E,esm2_t6_8M_UR50D,-3.195763111114502,1.0785708497415585
K31A,31,K,A,esm2_t6_8M_UR50D,-3.205338954925537,1.0727167421676465
V21T,21,V,T,esm2_t6_8M_UR50D,-3.2132322788238525,1.0678912282883142
N35G,35,N,G,esm2_t6_8M_UR50D,-3.2236621379852295,1.061515025969612
D36L,36,D,L,esm2_t6_8M_UR50D,-3.227712631225586,1.059038792686742
Q32L,32,Q,L,esm2_t6_8M_UR50D,-3.2290782928466797,1.0582039075113767
K4T,4,K,T,esm2_t6_8M_UR50D,-3.2502098083496094,1.0452853420674229
A20K,20,A,K,esm2_t6_8M_UR50D,-3.2546122074127197,1.042593974266599
F30G,30,F,G,esm2_t6_8M_UR50D,-3.2587404251098633,1.0400702248232596
V29I,29,V,I,esm2_t6_8M_UR50D,-3.26635479927063,1.035415244403281
W43M,43,W,M,esm2_t6_8M_UR50D,-3.2724709510803223,1.0316761889906336
V21A,21,V,A,esm2_t6_8M_UR50D,-3.2752346992492676,1.029986595947192
Q2L,2,Q,L,esm2_t6_8M_UR50D,-3.28375244140625,1.024779349478076
G41V,41,G,V,esm2_t6_8M_UR50D,-3.2882323265075684,1.0220406112718763
I6N,6,I,N,esm2_t6_8M_UR50D,-3.293161630630493,1.0190271247144957
Q2I,2,Q,I,esm2_t6_8M_UR50D,-3.2948317527770996,1.0180061102847762
A20V,20,A,V,esm2_t6_8M_UR50D,-3.2956981658935547,1.0174764362751259
I6L,6,I,L,esm2_t6_8M_UR50D,-3.300785779953003,1.0143661683356848
K31T,31,K,T,esm2_t6_8M_UR50D,-3.303262948989868,1.0128517729145878
D36K,36,D,K,esm2_t6_8M_UR50D,-3.3044590950012207,1.012120519610676
L7A,7,L,A,esm2_t6_8M_UR50D,-3.306990146636963,1.0105731835384557
Q32T,32,Q,T,esm2_t6_8M_UR50D,-3.3099846839904785,1.0087424995645404
V21I,21,V,I,esm2_t6_8M_UR50D,-3.313387632369995,1.0066621371155202
L12F,12,L,F,esm2_t6_8M_UR50D,-3.322117567062378,1.0013251686132207
N35S,35,N,S,esm2_t6_8M_UR50D,-3.324887275695801,0.9996319316924425
A26G,26,A,G,esm2_t6_8M_UR50D,-3.3409931659698486,0.9897857378636288
L7E,7,L,E,esm2_t6_8M_UR50D,-3.345844268798828,0.9868200589769046
Q2Y,2,Q,Y,esm2_t6_8M_UR50D,-3.355571746826172,0.9808732511635492
E15V,15,E,V,esm2_t6_8M_UR50D,-3.3585996627807617,0.9790221614765489
T49A,49,T,A,esm2_t6_8M_UR50D,-3.360907793045044,0.9776111064167181
I6Q,6,I,Q,esm2_t6_8M_UR50D,-3.3618810176849365,0.9770161341251956
E15K,15,E,K,esm2_t6_8M_UR50D,-3.37178373336792,0.9709621963181437
E27K,27,E,K,esm2_t6_8M_UR50D,-3.3742403984069824,0.9694603358350845
E19D,19,E,D,esm2_t6_8M_UR50D,-3.3742454051971436,0.9694572749781217
K28E,28,K,E,esm2_t6_8M_UR50D,-3.37935733795166,0.9663321400191474
T16A,16,T,A,esm2_t6_8M_UR50D,-3.382704257965088,0.9642860300170915
E42D,42,E,D,esm2_t6_8M_UR50D,-3.383420944213867,0.9638478902061368
F30T,30,F,T,esm2_t6_8M_UR50D,-3.3852782249450684,0.9627124580280476
G14A,14,G,A,esm2_t6_8M_UR50D,-3.3948419094085693,0.9568657839639024
D36V,36,D,V,esm2_t6_8M_UR50D,-3.3950419425964355,0.9567434954404855
G41A,41,G,A,esm2_t6_8M_UR50D,-3.4054079055786133,0.9504063554868319
I6Y,6,I,Y,esm2_t6_8M_UR50D,-3.407907247543335,0.9488784048420426
T25A,25,T,A,esm2_t6_8M_UR50D,-3.4112064838409424,0.9468614458586795
N37A,37,N,A,esm2_t6_8M_UR50D,-3.418189525604248,0.942592424926195
A34V,34,A,V,esm2_t6_8M_UR50D,-3.422701358795166,0.9398341555374711
E19G,19,E,G,esm2_t6_8M_UR50D,-3.4241671562194824,0.9389380532228507
T18I,18,T,I,esm2_t6_8M_UR50D,-3.424614667892456,0.9386644709124177
E19I,19,E,I,esm2_t6_8M_UR50D,-3.4248547554016113,0.9385176955332988
T16L,16,T,L,esm2_t6_8M_UR50D,-3.431924343109131,0.9341957655018867
L5W,5,L,W,esm2_t6_8M_UR50D,-3.4406533241271973,0.9288593800199609
V21K,21,V,K,esm2_t6_8M_UR50D,-3.4428956508636475,0.9274885533659264
E15A,15,E,A,esm2_t6_8M_UR50D,-3.4458842277526855,0.9256615132693478
T11V,11,T,V,esm2_t6_8M_UR50D,-3.4462790489196777,0.9254201428345704
D47G,47,D,G,esm2_t6_8M_UR50D,-3.454805612564087,0.9202075034269961
T17K,17,T,K,esm2_t6_8M_UR50D,-3.462311267852783,0.9156189873296372
E42N,42,E,N,esm2_t6_8M_UR50D,-3.4688563346862793,0.9116177185038471
Q32I,32,Q,I,esm2_t6_8M_UR50D,-3.4717979431152344,0.909819392160681
A20L,20,A,L,esm2_t6_8M_UR50D,-3.4887924194335938,0.8994299690985247
T16I,16,T,I,esm2_t6_8M_UR50D,-3.4948034286499023,0.8957551916820953
K13V,13,K,V,esm2_t6_8M_UR50D,-3.500823497772217,0.8920748755721143
K31E,31,K,E,esm2_t6_8M_UR50D,-3.5152859687805176,0.883233371602552
V29F,29,V,F,esm2_t6_8M_UR50D,-3.5183849334716797,0.8813388468976991
E19F,19,E,F,esm2_t6_8M_UR50D,-3.524240493774414,0.8777591018022087
A34F,34,A,F,esm2_t6_8M_UR50D,-3.524740219116211,0.8774535991263069
N35Q,35,N,Q,esm2_t6_8M_UR50D,-3.524916648864746,0.8773457403571432
V29T,29,V,T,esm2_t6_8M_UR50D,-3.5295886993408203,0.8744895235456109
T18L,18,T,L,esm2_t6_8M_UR50D,-3.5383574962615967,0.8691287969630767
G14E,14,G,E,esm2_t6_8M_UR50D,-3.5385308265686035,0.8690228330101278
Y3L,3,Y,L,esm2_t6_8M_UR50D,-3.539612293243408,0.8683616879061725
V39L,39,V,L,esm2_t6_8M_UR50D,-3.5431957244873047,0.8661709888513996
G14I,14,G,I,esm2_t6_8M_UR50D,-3.550171375274658,0.8619064863268125
D40N,40,D,N,esm2_t6_8M_UR50D,-3.556056499481201,0.8583086675997325
K28T,28,K,T,esm2_t6_8M_UR50D,-3.560647487640381,0.8555020075199782
V39A,39,V,A,esm2_t6_8M_UR50D,-3.566359043121338,0.8520102985009405
L7Y,7,L,Y,esm2_t6_8M_UR50D,-3.5672762393951416,0.8514495786563822
Q2R,2,Q,R,esm2_t6_8M_UR50D,-3.567525863647461,0.8512969730735247
E19Y,19,E,Y,esm2_t6_8M_UR50D,-3.570918560028076,0.8492228780935235
D40I,40,D,I,esm2_t6_8M_UR50D,-3.5742478370666504,0.8471875539683839
G14L,14,G,L,esm2_t6_8M_UR50D,-3.584155797958374,0.8411304095492758
K13G,13,K,G,esm2_t6_8M_UR50D,-3.585026741027832,0.8405979661928495
A34I,34,A,I,esm2_t6_8M_UR50D,-3.586540937423706,0.839672275594256
E15G,15,E,G,esm2_t6_8M_UR50D,-3.5927813053131104,0.8358572817779136
E19S,19,E,S,esm2_t6_8M_UR50D,-3.594151020050049,0.8350199187659596
K50G,50,K,G,esm2_t6_8M_UR50D,-3.5989367961883545,0.8320941767748448
T49K,49,T,K,esm2_t6_8M_UR50D,-3.600886821746826,0.8309020458653978
G14K,14,G,K,esm2_t6_8M_UR50D,-3.6012725830078125,0.8306662141241721
N37K,37,N,K,esm2_t6_8M_UR50D,-3.6133384704589844,0.8232898403541159
A20I,20,A,I,esm2_t6_8M_UR50D,-3.615469455718994,0.8219870813287293
Q32S,32,Q,S,esm2_t6_8M_UR50D,-3.6195883750915527,0.819469016334035
E42V,42,E,V,esm2_t6_8M_UR50D,-3.625002145767212,0.8161593554267345
V54L,54,V,L,esm2_t6_8M_UR50D,-3.6295266151428223,0.8133933610180568
Q32G,32,Q,G,esm2_t6_8M_UR50D,-3.634884834289551,0.8101176610475336
G14D,14,G,D,esm2_t6_8M_UR50D,-3.6382319927215576,0.8080714052903841
W43K,43,W,K,esm2_t6_8M_UR50D,-3.644502639770508,0.8042379005771718
T18E,18,T,E,esm2_t6_8M_UR50D,-3.6461730003356934,0.8032167403923589
A20E,20,A,E,esm2_t6_8M_UR50D,-3.6482691764831543,0.8019352616106181
G38K,38,G,K,esm2_t6_8M_UR50D,-3.6505064964294434,0.8005674958135464
E56Q,56,E,Q,esm2_t6_8M_UR50D,-3.6520564556121826,0.7996199419509331
E19L,19,E,L,esm2_t6_8M_UR50D,-3.6524810791015625,0.7993603521294727
T18F,18,T,F,esm2_t6_8M_UR50D,-3.652611017227173,0.7992809156035344
D36G,36,D,G,esm2_t6_8M_UR50D,-3.6539878845214844,0.7984391799387764
V39I,39,V,I,esm2_t6_8M_UR50D,-3.655684471130371,0.7974019866936823
T49N,49,T,N,esm2_t6_8M_UR50D,-3.6564738750457764,0.7969193915792211
T18D,18,T,D,esm2_t6_8M_UR50D,-3.660785436630249,0.7942835564690074
T25D,25,T,D,esm2_t6_8M_UR50D,-3.66473650932312,0.7918681030601121
G38A,38,G,A,esm2_t6_8M_UR50D,-3.676636219024658,0.7845933205902007
E56N,56,E,N,esm2_t6_8M_UR50D,-3.6828935146331787,0.7807679781622224
E15L,15,E,L,esm2_t6_8M_UR50D,-3.683284282684326,0.780529085564034
Y33T,33,Y,T,esm2_t6_8M_UR50D,-3.689236879348755,0.7768900181455034
E42A,42,E,A,esm2_t6_8M_UR50D,-3.690026044845581,0.7764075687861356
G38L,38,G,L,esm2_t6_8M_UR50D,-3.6924290657043457,0.774938503199106
A20D,20,A,D,esm2_t6_8M_UR50D,-3.695152997970581,0.773273251256273
E15D,15,E,D,esm2_t6_8M_UR50D,-3.695972442626953,0.7727722910000352
L12A,12,L,A,esm2_t6_8M_UR50D,-3.6965725421905518,0.7724054254297847
T16K,16,T,K,esm2_t6_8M_UR50D,-3.702592611312866,0.7687251093198038
D22T,22,D,T,esm2_t6_8M_UR50D,-3.7032065391540527,0.7683497899541324
F30M,30,F,M,esm2_t6_8M_UR50D,-3.70703125,0.7660115867447734
V39Y,39,V,Y,esm2_t6_8M_UR50D,-3.711425304412842,0.7633253203722209
T16G,16,T,G,esm2_t6_8M_UR50D,-3.713111162185669,0.7622946861063328
V54I,54,V,I,esm2_t6_8M_UR50D,-3.713308334350586,0.7621741466440376
G41Y,41,G,Y,esm2_t6_8M_UR50D,-3.715881586074829,0.7606010119202742
E56G,56,E,G,esm2_t6_8M_UR50D,-3.71618914604187,0.7604129878497049
T17F,17,T,F,esm2_t6_8M_UR50D,-3.718885898590088,0.7587643519875269
A20S,20,A,S,esm2_t6_8M_UR50D,-3.7194759845733643,0.758403608131202
A20G,20,A,G,esm2_t6_8M_UR50D,-3.7212932109832764,0.7572926628088148
E56R,56,E,R,esm2_t6_8M_UR50D,-3.721998453140259,0.7568615192423466
V29Y,29,V,Y,esm2_t6_8M_UR50D,-3.728412628173828,0.7529402699628686
D36I,36,D,I,esm2_t6_8M_UR50D,-3.7355828285217285,0.7485568312820143
D36T,36,D,T,esm2_t6_8M_UR50D,-3.7364697456359863,0.748014622334326
Q32N,32,Q,N,esm2_t6_8M_UR50D,-3.737846851348877,0.7471727409144746
L7D,7,L,D,esm2_t6_8M_UR50D,-3.7580225467681885,0.7348385076402202
Y3T,3,Y,T,esm2_t6_8M_UR50D,-3.7601447105407715,0.7335411415532919
K13N,13,K,N,esm2_t6_8M_UR50D,-3.761378765106201,0.732786713189519
G14S,14,G,S,esm2_t6_8M_UR50D,-3.7677268981933594,0.7289058380709308
Y3F,3,Y,F,esm2_t6_8M_UR50D,-3.769415855407715,0.7278733089888276
Y33W,33,Y,W,esm2_t6_8M_UR50D,-3.7729976177215576,0.725683630219709
T16F,16,T,F,esm2_t6_8M_UR50D,-3.7761857509613037,0.7237345931099004
T18S,18,T,S,esm2_t6_8M_UR50D,-3.7797744274139404,0.7215406874430714
V39K,39,V,K,esm2_t6_8M_UR50D,-3.7856059074401855,0.7179756636120208
K31N,31,K,N,esm2_t6_8M_UR50D,-3.7864506244659424,0.7174592533158758
T51E,51,T,E,esm2_t6_8M_UR50D,-3.793308734893799,0.7132666080523667
V39G,39,V,G,esm2_t6_8M_UR50D,-3.795961856842041,0.7116446453722928
T44K,44,T,K,esm2_t6_8M_UR50D,-3.7966012954711914,0.7112537302116206
A23T,23,A,T,esm2_t6_8M_UR50D,-3.799781322479248,0.7093096487749899
D36S,36,D,S,esm2_t6_8M_UR50D,-3.804743766784668,0.7062759022596179
A48E,48,A,E,esm2_t6_8M_UR50D,-3.8069090843200684,0.7049521545007724
A24E,24,A,E,esm2_t6_8M_UR50D,-3.8132476806640625,0.7010771095859227
K28D,28,K,D,esm2_t6_8M_UR50D,-3.8157730102539062,0.6995332716359457
E27D,27,E,D,esm2_t6_8M_UR50D,-3.8210933208465576,0.6962807467252833
N37V,37,N,V,esm2_t6_8M_UR50D,-3.8223447799682617,0.6955156782396876
A20F,20,A,F,esm2_t6_8M_UR50D,-3.8223941326141357,0.6954855069353405
E15I,15,E,I,esm2_t6_8M_UR50D,-3.823438882827759,0.6948468081157786
T25E,25,T,E,esm2_t6_8M_UR50D,-3.829981565475464,0.6908469968409232
F52W,52,F,W,esm2_t6_8M_UR50D,-3.8332769870758057,0.6888323699390556
G41I,41,G,I,esm2_t6_8M_UR50D,-3.8380658626556396,0.6859047331317257
A20N,20,A,N,esm2_t6_8M_UR50D,-3.8482754230499268,0.6796632085193849
F30S,30,F,S,esm2_t6_8M_UR50D,-3.855936050415039,0.674979951611274
T17D,17,T,D,esm2_t6_8M_UR50D,-3.8780431747436523,0.6614649563248629
E15S,15,E,S,esm2_t6_8M_UR50D,-3.8812897205352783,0.6594802092171556
V54K,54,V,K,esm2_t6_8M_UR50D,-3.887784242630005,0.65550984047118
A48K,48,A,K,esm2_t6_8M_UR50D,-3.8941268920898438,0.6516323177197414
E56P,56,E,P,esm2_t6_8M_UR50D,-3.895470380783081,0.6508109877680683
D36Q,36,D,Q,esm2_t6_8M_UR50D,-3.8987064361572266,0.6488326538844734
V39F,39,V,F,esm2_t6_8M_UR50D,-3.898940086364746,0.6486898138928782
V29K,29,V,K,esm2_t6_8M_UR50D,-3.8993310928344727,0.6484507755395962
E56V,56,E,V,esm2_t6_8M_UR50D,-3.9059245586395264,0.6444199184298328
L7F,7,L,F,esm2_t6_8M_UR50D,-3.906214475631714,0.6442426802361799
K10E,10,K,E,esm2_t6_8M_UR50D,-3.906505823135376,0.6440645675119662
D36N,36,D,N,esm2_t6_8M_UR50D,-3.909304618835449,0.6423535484697853
E56S,56,E,S,esm2_t6_8M_UR50D,-3.9095818996429443,0.6421840352960859
A26L,26,A,L,esm2_t6_8M_UR50D,-3.9136688709259033,0.6396855014839159
K28Q,28,K,Q,esm2_t6_8M_UR50D,-3.9150876998901367,0.6388181129227081
E42Q,42,E,Q,esm2_t6_8M_UR50D,-3.9203174114227295,0.6356209749475622
K31V,31,K,V,esm2_t6_8M_UR50D,-3.9248688220977783,0.632838510213323
L7Q,7,L,Q,esm2_t6_8M_UR50D,-3.927051305770874,0.6315042680877482
Y3D,3,Y,D,esm2_t6_8M_UR50D,-3.9324936866760254,0.6281771165692319
T49S,49,T,S,esm2_t6_8M_UR50D,-3.9372284412384033,0.6252825661681185
D40L,40,D,L,esm2_t6_8M_UR50D,-3.937450885772705,0.625146576665916
K28S,28,K,S,esm2_t6_8M_UR50D,-3.9392290115356445,0.624059535178857
E56D,56,E,D,esm2_t6_8M_UR50D,-3.941540479660034,0.6226464395477178
Q32Y,32,Q,Y,esm2_t6_8M_UR50D,-3.9428672790527344,0.6218353124525874
Q2H,2,Q,H,esm2_t6_8M_UR50D,-3.943510055541992,0.6214423567206069
F30Y,30,F,Y,esm2_t6_8M_UR50D,-3.958620548248291,0.6122046904070078
T25K,25,T,K,esm2_t6_8M_UR50D,-3.9608395099639893,0.6108481477521328
V21F,21,V,F,esm2_t6_8M_UR50D,-3.966552495956421,0.6073555642025341
A23E,23,A,E,esm2_t6_8M_UR50D,-3.970452308654785,0.6049714481387338
E27T,27,E,T,esm2_t6_8M_UR50D,-3.9751036167144775,0.602127912020333
E56L,56,E,L,esm2_t6_8M_UR50D,-3.977978467941284,0.600370397103337
D22A,22,D,A,esm2_t6_8M_UR50D,-3.9797325134277344,0.5992980768807179
T17Y,17,T,Y,esm2_t6_8M_UR50D,-3.9958348274230957,0.5894540693783061
L5F,5,L,F,esm2_t6_8M_UR50D,-3.9979865550994873,0.5881386296597881
D40Q,40,D,Q,esm2_t6_8M_UR50D,-3.998528480529785,0.5878073283323432
K31D,31,K,D,esm2_t6_8M_UR50D,-3.998553514480591,0.5877920240475294
T17E,17,T,E,esm2_t6_8M_UR50D,-3.999640464782715,0.5871275265764243
V39T,39,V,T,esm2_t6_8M_UR50D,-4.0039472579956055,0.5844946065680798
G38N,38,G,N,esm2_t6_8M_UR50D,-4.009397506713867,0.5811626451314792
W43S,43,W,S,esm2_t6_8M_UR50D,-4.0143232345581055,0.5781513449005007
A48T,48,A,T,esm2_t6_8M_UR50D,-4.015042304992676,0.5777117475386114
T11P,11,T,P,esm2_t6_8M_UR50D,-4.018629550933838,0.5755187164023432
D22K,22,D,K,esm2_t6_8M_UR50D,-4.020501136779785,0.5743745389186461
T17S,17,T,S,esm2_t6_8M_UR50D,-4.020946502685547,0.5741022684040542
T11A,11,T,A,esm2_t6_8M_UR50D,-4.033277988433838,0.5665635234598785
T11D,11,T,D,esm2_t6_8M_UR50D,-4.037201881408691,0.5641646861316382
T17P,17,T,P,esm2_t6_8M_UR50D,-4.038950443267822,0.5630957182761689
Y33M,33,Y,M,esm2_t6_8M_UR50D,-4.040669918060303,0.5620445325421022
T16S,16,T,S,esm2_t6_8M_UR50D,-4.050940036773682,0.5557659861360214
D22S,22,D,S,esm2_t6_8M_UR50D,-4.052140235900879,0.5550322549955206
F30N,30,F,N,esm2_t6_8M_UR50D,-4.052268028259277,0.5549541302654235
Q32F,32,Q,F,esm2_t6_8M_UR50D,-4.054200172424316,0.5537729309879864
L7R,7,L,R,esm2_t6_8M_UR50D,-4.058231353759766,0.5513085038676871
E56Y,56,E,Y,esm2_t6_8M_UR50D,-4.058856964111328,0.550926042502436
Y33K,33,Y,K,esm2_t6_8M_UR50D,-4.063416004180908,0.5481389136052061
A20Y,20,A,Y,esm2_t6_8M_UR50D,-4.063631534576416,0.5480071510007141
T51V,51,T,V,esm2_t6_8M_UR50D,-4.06513786315918,0.5470862703202047
G38V,38,G,V,esm2_t6_8M_UR50D,-4.065924167633057,0.5466055700219585
K31S,31,K,S,esm2_t6_8M_UR50D,-4.066005229949951,0.5465560132901806
F52A,52,F,A,esm2_t6_8M_UR50D,-4.067505836486816,0.5456386307319143
E27Q,27,E,Q,esm2_t6_8M_UR50D,-4.0680646896362305,0.5452969807928334
G38T,38,G,T,esm2_t6_8M_UR50D,-4.073101043701172,0.5422180501984872
D47V,47,D,V,esm2_t6_8M_UR50D,-4.073702812194824,0.5418501643425826
V21S,21,V,S,esm2_t6_8M_UR50D,-4.075141906738281,0.5409703865984303
N35Y,35,N,Y,esm2_t6_8M_UR50D,-4.078807830810547,0.5387292562813187
T18P,18,T,P,esm2_t6_8M_UR50D,-4.079095840454102,0.5385531841284135
E19N,19,E,N,esm2_t6_8M_UR50D,-4.09127140045166,0.5311097630153636
Y3K,3,Y,K,esm2_t6_8M_UR50D,-4.09397029876709,0.5294598153573444
N37I,37,N,I,esm2_t6_8M_UR50D,-4.096587181091309,0.527860007451477
A34K,34,A,K,esm2_t6_8M_UR50D,-4.09694766998291,0.5276396257501585
K4E,4,K,E,esm2_t6_8M_UR50D,-4.097192764282227,0.5274897895140769
V54R,54,V,R,esm2_t6_8M_UR50D,-4.10283899307251,0.5240380173906484
V29G,29,V,G,esm2_t6_8M_UR50D,-4.107151031494141,0.5214018907702478
T18Q,18,T,Q,esm2_t6_8M_UR50D,-4.107982635498047,0.5208934970042433
A20Q,20,A,Q,esm2_t6_8M_UR50D,-4.110051155090332,0.5196289258133444
K31Q,31,K,Q,esm2_t6_8M_UR50D,-4.116621494293213,0.5156122069476471
A26V,26,A,V,esm2_t6_8M_UR50D,-4.118890285491943,0.514225201478238
T16E,16,T,E,esm2_t6_8M_UR50D,-4.1221537590026855,0.5122301057588947
L7T,7,L,T,esm2_t6_8M_UR50D,-4.124976634979248,0.5105043654522738
Q2F,2,Q,F,esm2_t6_8M_UR50D,-4.125012397766113,0.5104825021882542
V21D,21,V,D,esm2_t6_8M_UR50D,-4.126073360443115,0.5098338920223368
L7N,7,L,N,esm2_t6_8M_UR50D,-4.1277360916137695,0.5088173960005147
F52Y,52,F,Y,esm2_t6_8M_UR50D,-4.127910137176514,0.5087109947822855
D40P,40,D,P,esm2_t6_8M_UR50D,-4.1360368728637695,0.5037427866664513
A24T,24,A,T,esm2_t6_8M_UR50D,-4.13826322555542,0.502381725603679
V39E,39,V,E,esm2_t6_8M_UR50D,-4.152848243713379,0.4934653035160758
D22N,22,D,N,esm2_t6_8M_UR50D,-4.15568208694458,0.4917328584751557
T25V,25,T,V,esm2_t6_8M_UR50D,-4.158000946044922,0.490315244436119
G41K,41,G,K,esm2_t6_8M_UR50D,-4.159946441650391,0.48912588287344794
K13I,13,K,I,esm2_t6_8M_UR50D,-4.160007476806641,0.489088569569521
E15N,15,E,N,esm2_t6_8M_UR50D,-4.164273738861084,0.48648042792706553
K28N,28,K,N,esm2_t6_8M_UR50D,-4.174764633178711,0.48006691230443643
E19P,19,E,P,esm2_t6_8M_UR50D,-4.179318428039551,0.4772829900192627
T16Y,16,T,Y,esm2_t6_8M_UR50D,-4.179769515991211,0.4770072213824277
A24K,24,A,K,esm2_t6_8M_UR50D,-4.186467170715332,0.4729126692968203
N35F,35,N,F,esm2_t6_8M_UR50D,-4.187444686889648,0.47231507341361545
A23L,23,A,L,esm2_t6_8M_UR50D,-4.198419570922852,0.46560567495125327
A23D,23,A,D,esm2_t6_8M_UR50D,-4.202080726623535,0.46336745973601096
A23Q,23,A,Q,esm2_t6_8M_UR50D,-4.205486297607422,0.46128549398096264
K50N,50,K,N,esm2_t6_8M_UR50D,-4.209218502044678,0.4590038437478679
T53K,53,T,K,esm2_t6_8M_UR50D,-4.210526943206787,0.4582039397949342
G41F,41,G,F,esm2_t6_8M_UR50D,-4.220798492431641,0.45192451885829255
T18Y,18,T,Y,esm2_t6_8M_UR50D,-4.221825122833252,0.451296897425834
T25N,25,T,N,esm2_t6_8M_UR50D,-4.22424840927124,0.4498154426558599
D47N,47,D,N,esm2_t6_8M_UR50D,-4.22473669052124,0.4495169362244444
Y3S,3,Y,S,esm2_t6_8M_UR50D,-4.232095718383789,0.4450180595095662
Y45F,45,Y,F,esm2_t6_8M_UR50D,-4.2331461906433105,0.4443758625677612
F30R,30,F,R,esm2_t6_8M_UR50D,-4.234359264373779,0.44363426065221334
A24D,24,A,D,esm2_t6_8M_UR50D,-4.241982936859131,0.43897359578358947
L7S,7,L,S,esm2_t6_8M_UR50D,-4.25187349319458,0.4329270914863042
T25L,25,T,L,esm2_t6_8M_UR50D,-4.254158973693848,0.4315298831603526
E42G,42,E,G,esm2_t6_8M_UR50D,-4.258760452270508,0.42871680985648597
K31L,31,K,L,esm2_t6_8M_UR50D,-4.259185314178467,0.428457074279932
A34Y,34,A,Y,esm2_t6_8M_UR50D,-4.262319087982178,0.4265412693314334
K13P,13,K,P,esm2_t6_8M_UR50D,-4.264476299285889,0.42522247724576573
D40G,40,D,G,esm2_t6_8M_UR50D,-4.264776706695557,0.42503882582800034
G38D,38,G,D,esm2_t6_8M_UR50D,-4.267223834991455,0.42354279554867974
G14F,14,G,F,esm2_t6_8M_UR50D,-4.276309013366699,0.41798865195711793
K31G,31,K,G,esm2_t6_8M_UR50D,-4.276652812957764,0.417778473112342
T16D,16,T,D,esm2_t6_8M_UR50D,-4.276986598968506,0.41757441598149153
I6F,6,I,F,esm2_t6_8M_UR50D,-4.278585433959961,0.416596982324718
N37H,37,N,H,esm2_t6_8M_UR50D,-4.280984878540039,0.4151301030640903
V21G,21,V,G,esm2_t6_8M_UR50D,-4.283804416656494,0.413406403328778
F30Q,30,F,Q,esm2_t6_8M_UR50D,-4.2890424728393555,0.41020416392536085
D47Q,47,D,Q,esm2_t6_8M_UR50D,-4.290194511413574,0.40949987531373994
G41L,41,G,L,esm2_t6_8M_UR50D,-4.296463966369629,0.405667099375995
N37T,37,N,T,esm2_t6_8M_UR50D,-4.307187557220459,0.39911132678214445
G41T,41,G,T,esm2_t6_8M_UR50D,-4.309500694274902,0.3976972108653509
L5A,5,L,A,esm2_t6_8M_UR50D,-4.313845634460449,0.3950409700420522
F30E,30,F,E,esm2_t6_8M_UR50D,-4.314323902130127,0.3947485853245622
E15Y,15,E,Y,esm2_t6_8M_UR50D,-4.3181281089782715,0.3924229170532411
G9D,9,G,D,esm2_t6_8M_UR50D,-4.327363014221191,0.3867772392629835
L5Y,5,L,Y,esm2_t6_8M_UR50D,-4.328582763671875,0.38603155620481866
V39D,39,V,D,esm2_t6_8M_UR50D,-4.3420305252075195,0.37781038591304167
K10V,10,K,V,esm2_t6_8M_UR50D,-4.344922065734863,0.37604266813950304
N35R,35,N,R,esm2_t6_8M_UR50D,-4.347703456878662,0.3743422892191451
V29E,29,V,E,esm2_t6_8M_UR50D,-4.348479747772217,0.3738677106348244
A26K,26,A,K,esm2_t6_8M_UR50D,-4.353994846343994,0.3704961038128014
A20P,20,A,P,esm2_t6_8M_UR50D,-4.355182647705078,0.3697699519371608
N37F,37,N,F,esm2_t6_8M_UR50D,-4.3593363761901855,0.3672306066988206
L12W,12,L,W,esm2_t6_8M_UR50D,-4.362860679626465,0.36507605490722694
V29S,29,V,S,esm2_t6_8M_UR50D,-4.363244533538818,0.36484138920674897
K13L,13,K,L,esm2_t6_8M_UR50D,-4.365600109100342,0.3634013288833188
V29D,29,V,D,esm2_t6_8M_UR50D,-4.36585807800293,0.36324362187219006
E56T,56,E,T,esm2_t6_8M_UR50D,-4.3662824630737305,0.3629841778058231
V29N,29,V,N,esm2_t6_8M_UR50D,-4.366386413574219,0.36292062858507257
L12K,12,L,K,esm2_t6_8M_UR50D,-4.371482849121094,0.35980496770717335
E19Q,19,E,Q,esm2_t6_8M_UR50D,-4.375161170959473,0.3575562581252016
T11L,11,T,L,esm2_t6_8M_UR50D,-4.3853302001953125,0.35133951187874973
A23G,23,A,G,esm2_t6_8M_UR50D,-4.388293743133545,0.3495277760669848
V21E,21,V,E,esm2_t6_8M_UR50D,-4.389017105102539,0.3490855551134132
V21Y,21,V,Y,esm2_t6_8M_UR50D,-4.390888214111328,0.3479416691399031
G38I,38,G,I,esm2_t6_8M_UR50D,-4.393229961395264,0.3465100626118938
A34T,34,A,T,esm2_t6_8M_UR50D,-4.395607948303223,0.34505630130967796
K4D,4,K,D,esm2_t6_8M_UR50D,-4.40134334564209,0.3415500167812937
E27L,27,E,L,esm2_t6_8M_UR50D,-4.406471252441406,0.3384151162310572
T49E,49,T,E,esm2_t6_8M_UR50D,-4.407749652862549,0.3376335774199
A26I,26,A,I,esm2_t6_8M_UR50D,-4.409728050231934,0.33642410165433084
E15Q,15,E,Q,esm2_t6_8M_UR50D,-4.414941310882568,0.333237020780634
L12E,12,L,E,esm2_t6_8M_UR50D,-4.418924331665039,0.3308020361892145
E27G,27,E,G,esm2_t6_8M_UR50D,-4.419267654418945,0.33059214885462546
T11K,11,T,K,esm2_t6_8M_UR50D,-4.419314861297607,0.3305632893461195
E15F,15,E,F,esm2_t6_8M_UR50D,-4.421259880065918,0.3293742192936353
N37Y,37,N,Y,esm2_t6_8M_UR50D,-4.42240047454834,0.3286769269265007
E56F,56,E,F,esm2_t6_8M_UR50D,-4.423313140869141,0.32811897642871823
A26F,26,A,F,esm2_t6_8M_UR50D,-4.425140857696533,0.32700161788221865
V39S,39,V,S,esm2_t6_8M_UR50D,-4.428570747375488,0.324904785107637
G38E,38,G,E,esm2_t6_8M_UR50D,-4.429955959320068,0.3240579480146077
K28G,28,K,G,esm2_t6_8M_UR50D,-4.440807819366455,0.3174237591804732
L12T,12,L,T,esm2_t6_8M_UR50D,-4.441012382507324,0.3172987013102806
E27N,27,E,N,esm2_t6_8M_UR50D,-4.444079399108887,0.31542370778795203
G14Q,14,G,Q,esm2_t6_8M_UR50D,-4.446363925933838,0.3140270824823743
D36F,36,D,F,esm2_t6_8M_UR50D,-4.448306083679199,0.3128397614910117
N37G,37,N,G,esm2_t6_8M_UR50D,-4.451089382171631,0.31113821652990603
G14N,14,G,N,esm2_t6_8M_UR50D,-4.452724933624268,0.3101383365887389
V54F,54,V,F,esm2_t6_8M_UR50D,-4.452730178833008,0.3101351299766827
K13Q,13,K,Q,esm2_t6_8M_UR50D,-4.464192867279053,0.30312751659309195
T44S,44,T,S,esm2_t6_8M_UR50D,-4.464417457580566,0.30299021529504827
Y3N,3,Y,N,esm2_t6_8M_UR50D,-4.465423107147217,0.3023754203108146
V29Q,29,V,Q,esm2_t6_8M_UR50D,-4.474425792694092,0.2968717079815915
T55V,55,T,V,esm2_t6_8M_UR50D,-4.477985382080078,0.2946955844361651
K4Q,4,K,Q,esm2_t6_8M_UR50D,-4.478359222412109,0.29446704044961264
T18N,18,T,N,esm2_t6_8M_UR50D,-4.479615688323975,0.29369891110705426
T55A,55,T,A,esm2_t6_8M_UR50D,-4.480936050415039,0.2928917193994473
T49D,49,T,D,esm2_t6_8M_UR50D,-4.485278606414795,0.2902369361270832
T55S,55,T,S,esm2_t6_8M_UR50D,-4.492079257965088,0.2860794178410991
K4S,4,K,S,esm2_t6_8M_UR50D,-4.4922566413879395,0.28597097605156147
A23V,23,A,V,esm2_t6_8M_UR50D,-4.4949493408203125,0.2843248180259723
T44E,44,T,E,esm2_t6_8M_UR50D,-4.498028755187988,0.2824422452387836
K31I,31,K,I,esm2_t6_8M_UR50D,-4.4989776611328125,0.28186213996679454
V21N,21,V,N,esm2_t6_8M_UR50D,-4.499091625213623,0.28179246903211846
T51A,51,T,A,esm2_t6_8M_UR50D,-4.506549835205078,0.277232958198359
A34G,34,A,G,esm2_t6_8M_UR50D,-4.516449451446533,0.27118091520752213
L12Q,12,L,Q,esm2_t6_8M_UR50D,-4.520847320556641,0.2684923167534742
Y3P,3,Y,P,esm2_t6_8M_UR50D,-4.5263800621032715,0.2651099240545348
T25S,25,T,S,esm2_t6_8M_UR50D,-4.526420593261719,0.26508514568864583
D36P,36,D,P,esm2_t6_8M_UR50D,-4.526726722717285,0.2648979961486373
E27V,27,E,V,esm2_t6_8M_UR50D,-4.532744407653809,0.2612191375895909
T11I,11,T,I,esm2_t6_8M_UR50D,-4.533652305603027,0.26066410219367775
N35P,35,N,P,esm2_t6_8M_UR50D,-4.538472652435303,0.25771722571401057
D47L,47,D,L,esm2_t6_8M_UR50D,-4.5407562255859375,0.2563211834288067
T17N,17,T,N,esm2_t6_8M_UR50D,-4.544495105743408,0.2540354520530949
V39N,39,V,N,esm2_t6_8M_UR50D,-4.544798374176025,0.253850051574208
G14P,14,G,P,esm2_t6_8M_UR50D,-4.554741382598877,0.24777148115636052
K10T,10,K,T,esm2_t6_8M_UR50D,-4.558568000793457,0.24543211190625377
G38S,38,G,S,esm2_t6_8M_UR50D,-4.561384677886963,0.24371016123206304
N37Q,37,N,Q,esm2_t6_8M_UR50D,-4.562376499176025,0.24310382004325035
K10Q,10,K,Q,esm2_t6_8M_UR50D,-4.566084861755371,0.24083674531950203
E27S,27,E,S,esm2_t6_8M_UR50D,-4.566133499145508,0.24080701128043525
G41S,41,G,S,esm2_t6_8M_UR50D,-4.569787979125977,0.23857287720780995
A48D,48,A,D,esm2_t6_8M_UR50D,-4.570127964019775,0.23836503044452945
T51S,51,T,S,esm2_t6_8M_UR50D,-4.580020904541016,0.23231706859630954
A34M,34,A,M,esm2_t6_8M_UR50D,-4.584420204162598,0.22962759561170085
T44V,44,T,V,esm2_t6_8M_UR50D,-4.585378170013428,0.22904195164616012
Y3E,3,Y,E,esm2_t6_8M_UR50D,-4.585592269897461,0.2289110635722289
K4V,4,K,V,esm2_t6_8M_UR50D,-4.593203544616699,0.2242579779684652
I6G,6,I,G,esm2_t6_8M_UR50D,-4.5978851318359375,0.2213959309531944
Y33S,33,Y,S,esm2_t6_8M_UR50D,-4.599698066711426,0.22028760922248963
E42I,42,E,I,esm2_t6_8M_UR50D,-4.602071285247803,0.21883676302214305
T16N,16,T,N,esm2_t6_8M_UR50D,-4.604748725891113,0.21719993332253568
T16P,16,T,P,esm2_t6_8M_UR50D,-4.606453895568848,0.2161574928940769
V21M,21,V,M,esm2_t6_8M_UR50D,-4.609250068664551,0.21444807715792413
Y33E,33,Y,E,esm2_t6_8M_UR50D,-4.609347343444824,0.21438860907979057
W43E,43,W,E,esm2_t6_8M_UR50D,-4.615783214569092,0.21045409608680732
G14Y,14,G,Y,esm2_t6_8M_UR50D,-4.618308067321777,0.20891054964701725
V54A,54,V,A,esm2_t6_8M_UR50D,-4.633139133453369,0.1998437083029587
A23N,23,A,N,esm2_t6_8M_UR50D,-4.633184432983398,0.19981601483520042
Y3W,3,Y,W,esm2_t6_8M_UR50D,-4.639014720916748,0.19625171977961722
G38P,38,G,P,esm2_t6_8M_UR50D,-4.639817237854004,0.1957611081350154
A24S,24,A,S,esm2_t6_8M_UR50D,-4.644954681396484,0.19262037738104032
N37E,37,N,E,esm2_t6_8M_UR50D,-4.645516872406006,0.1922766868706508
T25I,25,T,I,esm2_t6_8M_UR50D,-4.661212921142578,0.18268104604750268
A23S,23,A,S,esm2_t6_8M_UR50D,-4.661914348602295,0.18225223456252984
I6R,6,I,R,esm2_t6_8M_UR50D,-4.665187835693359,0.18025101712926095
V29M,29,V,M,esm2_t6_8M_UR50D,-4.6682000160217285,0.17840954727842928
A23P,23,A,P,esm2_t6_8M_UR50D,-4.672937870025635,0.17551310206110085
K4N,4,K,N,esm2_t6_8M_UR50D,-4.679048538208008,0.1717773990156033
K13Y,13,K,Y,esm2_t6_8M_UR50D,-4.683459758758545,0.16908063827632136
L7H,7,L,H,esm2_t6_8M_UR50D,-4.688309669494629,0.16611568816506458
E56H,56,E,H,esm2_t6_8M_UR50D,-4.688897132873535,0.16575654761476782
F30D,30,F,D,esm2_t6_8M_UR50D,-4.695486068725586,0.16172845985178028
Y33G,33,Y,G,esm2_t6_8M_UR50D,-4.702166557312012,0.15764440213290234
D40Y,40,D,Y,esm2_t6_8M_UR50D,-4.706769943237305,0.15483016278828796
Q32R,32,Q,R,esm2_t6_8M_UR50D,-4.706991672515869,0.15469461055136588
Y45V,45,Y,V,esm2_t6_8M_UR50D,-4.707955837249756,0.15410517695339507
T11S,11,T,S,esm2_t6_8M_UR50D,-4.715664863586426,0.14939233176131086
K28L,28,K,L,esm2_t6_8M_UR50D,-4.718825340270996,0.1474602022423442
L12H,12,L,H,esm2_t6_8M_UR50D,-4.724301815032959,0.14411220774546246
T25G,25,T,G,esm2_t6_8M_UR50D,-4.725992679595947,0.14307851262261156
I6M,6,I,M,esm2_t6_8M_UR50D,-4.732024192810059,0.13939120026814425
D47R,47,D,R,esm2_t6_8M_UR50D,-4.734159469604492,0.13808581765107533
D36Y,36,D,Y,esm2_t6_8M_UR50D,-4.753636360168457,0.1261787925557657
Q2W,2,Q,W,esm2_t6_8M_UR50D,-4.754447937011719,0.12568264221761222
D22L,22,D,L,esm2_t6_8M_UR50D,-4.7639312744140625,0.1198850876199645
A48S,48,A,S,esm2_t6_8M_UR50D,-4.7653703689575195,0.1190053098758122
T49V,49,T,V,esm2_t6_8M_UR50D,-4.770702838897705,0.11574535145538307
K28V,28,K,V,esm2_t6_8M_UR50D,-4.771294593811035,0.11538358731340395
L12G,12,L,G,esm2_t6_8M_UR50D,-4.771388053894043,0.11532645131676583
Y33Q,33,Y,Q,esm2_t6_8M_UR50D,-4.779888153076172,0.11012999072456611
W43Q,43,W,Q,esm2_t6_8M_UR50D,-4.783376693725586,0.10799730219699216
V21P,21,V,P,esm2_t6_8M_UR50D,-4.785160541534424,0.10690676258769007
F30W,30,F,W,esm2_t6_8M_UR50D,-4.788290500640869,0.10499328972068687
A23I,23,A,I,esm2_t6_8M_UR50D,-4.795146465301514,0.10080195625301899
T55E,55,T,E,esm2_t6_8M_UR50D,-4.804885387420654,0.09484815219517724
V29W,29,V,W,esm2_t6_8M_UR50D,-4.805009841918945,0.09477206803638871
A34S,34,A,S,esm2_t6_8M_UR50D,-4.806997299194336,0.09355705357726786
L5T,5,L,T,esm2_t6_8M_UR50D,-4.815872669219971,0.08813117446795486
K4A,4,K,A,esm2_t6_8M_UR50D,-4.817621231079102,0.08706220661248552
Y33D,33,Y,D,esm2_t6_8M_UR50D,-4.81840181350708,0.08658500443648244
N37S,37,N,S,esm2_t6_8M_UR50D,-4.820743083953857,0.08515368941866013
A34E,34,A,E,esm2_t6_8M_UR50D,-4.8278489112854,0.08080960461304135
Y33N,33,Y,N,esm2_t6_8M_UR50D,-4.83092737197876,0.0789276148462265
W43P,43,W,P,esm2_t6_8M_UR50D,-4.832353115081787,0.07805599938730823
L7G,7,L,G,esm2_t6_8M_UR50D,-4.83304500579834,0.07763301810607398
G38F,38,G,F,esm2_t6_8M_UR50D,-4.836404323577881,0.07557932883915784
E56I,56,E,I,esm2_t6_8M_UR50D,-4.837872505187988,0.07468176897360286
D22E,22,D,E,esm2_t6_8M_UR50D,-4.842813968658447,0.07166084890645567
T49G,49,T,G,esm2_t6_8M_UR50D,-4.844057559967041,0.07090059033894436
V21Q,21,V,Q,esm2_t6_8M_UR50D,-4.851208686828613,0.06652881206556731
A34Q,34,A,Q,esm2_t6_8M_UR50D,-4.851998329162598,0.06604607119601257
D22P,22,D,P,esm2_t6_8M_UR50D,-4.852665424346924,0.06563824844449863
A48V,48,A,V,esm2_t6_8M_UR50D,-4.8560028076171875,0.06359796864618124
K50Q,50,K,Q,esm2_t6_8M_UR50D,-4.864120960235596,0.058635007713711794
A26Y,26,A,Y,esm2_t6_8M_UR50D,-4.8654561042785645,0.05781877919031007
F52T,52,F,T,esm2_t6_8M_UR50D,-4.868624687194824,0.05588169399816561
N8E,8,N,E,esm2_t6_8M_UR50D,-4.87244987487793,0.053543199278619655
K10A,10,K,A,esm2_t6_8M_UR50D,-4.880899906158447,0.04837734725604749
T16Q,16,T,Q,esm2_t6_8M_UR50D,-4.890676021575928,0.04240080540362526
T49Q,49,T,Q,esm2_t6_8M_UR50D,-4.902152061462402,0.03538502973480047
D36R,36,D,R,esm2_t6_8M_UR50D,-4.90814733505249,0.03171987215453977
T17Q,17,T,Q,esm2_t6_8M_UR50D,-4.912315368652344,0.02917178161059173
V39Q,39,V,Q,esm2_t6_8M_UR50D,-4.913329124450684,0.028552030953180277
G38Q,38,G,Q,esm2_t6_8M_UR50D,-4.914838790893555,0.027629109701362464
T25Q,25,T,Q,esm2_t6_8M_UR50D,-4.91775369644165,0.02584710792866433
D22V,22,D,V,esm2_t6_8M_UR50D,-4.920961380004883,0.023886118901191675
G38Y,38,G,Y,esm2_t6_8M_UR50D,-4.921216011047363,0.02373045246137149
T11Q,11,T,Q,esm2_t6_8M_UR50D,-4.929694652557373,0.018547109827583577
A34R,34,A,R,esm2_t6_8M_UR50D,-4.9430341720581055,0.010392112348239516
K13F,13,K,F,esm2_t6_8M_UR50D,-4.949387550354004,0.006508030617595001
E42L,42,E,L,esm2_t6_8M_UR50D,-4.950435638427734,0.005867291226724643
Q32W,32,Q,W,esm2_t6_8M_UR50D,-4.953461170196533,0.0040176590906589385
T51Q,51,T,Q,esm2_t6_8M_UR50D,-4.957651138305664,0.0014561590781121544
Y45I,45,Y,I,esm2_t6_8M_UR50D,-4.963113784790039,-0.0018833816233486352
Y45L,45,Y,L,esm2_t6_8M_UR50D,-4.965472221374512,-0.003325191007900404
D47I,47,D,I,esm2_t6_8M_UR50D,-4.966211795806885,-0.0037773233078275763
K10D,10,K,D,esm2_t6_8M_UR50D,-4.968150615692139,-0.004962603727881659
N35H,35,N,H,esm2_t6_8M_UR50D,-4.973530292510986,-0.00825142165681677
K10N,10,K,N,esm2_t6_8M_UR50D,-4.975135326385498,-0.00923264494602042
W43N,43,W,N,esm2_t6_8M_UR50D,-4.980612754821777,-0.012581222463276014
D40R,40,D,R,esm2_t6_8M_UR50D,-4.984496116638184,-0.01495528142562733
N37D,37,N,D,esm2_t6_8M_UR50D,-4.990931510925293,-0.018889502908423665
A26T,26,A,T,esm2_t6_8M_UR50D,-4.998236656188965,-0.02335543897217884
L12D,12,L,D,esm2_t6_8M_UR50D,-5.007774353027344,-0.02918622573113648
A23R,23,A,R,esm2_t6_8M_UR50D,-5.009716987609863,-0.030373838232685996
N37M,37,N,M,esm2_t6_8M_UR50D,-5.0108842849731445,-0.03108745517028865
T49L,49,T,L,esm2_t6_8M_UR50D,-5.015869140625,-0.034134902664446395
E19W,19,E,W,esm2_t6_8M_UR50D,-5.021968841552734,-0.03786390097564458
T53S,53,T,S,esm2_t6_8M_UR50D,-5.031431674957275,-0.043648920635254336
T55N,55,T,N,esm2_t6_8M_UR50D,-5.036205768585205,-0.04656752062678938
L5E,5,L,E,esm2_t6_8M_UR50D,-5.038000106811523,-0.047664473460203916
Y3Q,3,Y,Q,esm2_t6_8M_UR50D,-5.040992736816406,-0.0494939913933715
A34N,34,A,N,esm2_t6_8M_UR50D,-5.044715404510498,-0.051769811422727685
G41D,41,G,D,esm2_t6_8M_UR50D,-5.051270484924316,-0.05577720196244325
K4G,4,K,G,esm2_t6_8M_UR50D,-5.051407337188721,-0.055860865386091925
A48N,48,A,N,esm2_t6_8M_UR50D,-5.054965496063232,-0.05803611440095753
F52M,52,F,M,esm2_t6_8M_UR50D,-5.059927463531494,-0.06106956940614267
V39W,39,V,W,esm2_t6_8M_UR50D,-5.06267786026001,-0.06275100016435023
T16W,16,T,W,esm2_t6_8M_UR50D,-5.064312934875488,-0.06375058859533042
V54Y,54,V,Y,esm2_t6_8M_UR50D,-5.065018653869629,-0.06418202367198562
E27I,27,E,I,esm2_t6_8M_UR50D,-5.085146903991699,-0.07648725168264055
K4R,4,K,R,esm2_t6_8M_UR50D,-5.09250020980835,-0.08098263027527558
T17M,17,T,M,esm2_t6_8M_UR50D,-5.106795310974121,-0.08972181416922574
N8G,8,N,G,esm2_t6_8M_UR50D,-5.106922149658203,-0.0897993558789489
W43D,43,W,D,esm2_t6_8M_UR50D,-5.109559059143066,-0.09141140721266731
V29R,29,V,R,esm2_t6_8M_UR50D,-5.116527080535889,-0.09567124557426356
A48Q,48,A,Q,esm2_t6_8M_UR50D,-5.1187872886657715,-0.09705300386030791
A34D,34,A,D,esm2_t6_8M_UR50D,-5.1206560134887695,-0.0981954322828834
A20M,20,A,M,esm2_t6_8M_UR50D,-5.122828483581543,-0.0995235526945328
L12S,12,L,S,esm2_t6_8M_UR50D,-5.124561309814453,-0.10058290071383345
W43C,43,W,C,esm2_t6_8M_UR50D,-5.125326633453369,-0.1010507745638548
T16M,16,T,M,esm2_t6_8M_UR50D,-5.12960958480835,-0.10366911906285278
L7W,7,L,W,esm2_t6_8M_UR50D,-5.149530410766602,-0.11584754014219352
E15M,15,E,M,esm2_t6_8M_UR50D,-5.150622367858887,-0.11651509847026136
A24V,24,A,V,esm2_t6_8M_UR50D,-5.150679588317871,-0.11655007969269286
V54T,54,V,T,esm2_t6_8M_UR50D,-5.151448726654053,-0.11702028562420964
Q32M,32,Q,M,esm2_t6_8M_UR50D,-5.1521406173706055,-0.11744326690544389
Q2C,2,Q,C,esm2_t6_8M_UR50D,-5.1533098220825195,-0.11815804988379426
G9N,9,G,N,esm2_t6_8M_UR50D,-5.160869598388672,-0.12277965238736963
K31R,31,K,R,esm2_t6_8M_UR50D,-5.161509037017822,-0.12317056754804168
E19R,19,E,R,esm2_t6_8M_UR50D,-5.1706342697143555,-0.12874919799530557
T11N,11,T,N,esm2_t6_8M_UR50D,-5.182206153869629,-0.13582356721170313
Y3M,3,Y,M,esm2_t6_8M_UR50D,-5.184523582458496,-0.13724030672017898
E19M,19,E,M,esm2_t6_8M_UR50D,-5.186544895172119,-0.13847601840257182
E42Y,42,E,Y,esm2_t6_8M_UR50D,-5.188263893127441,-0.13952691262645153
G14R,14,G,R,esm2_t6_8M_UR50D,-5.18895149230957,-0.13994727031600343
A24N,24,A,N,esm2_t6_8M_UR50D,-5.191745281219482,-0.14165522850122156
D22I,22,D,I,esm2_t6_8M_UR50D,-5.196492671966553,-0.14455750392228855
N35M,35,N,M,esm2_t6_8M_UR50D,-5.204477310180664,-0.14943884200241783
E15P,15,E,P,esm2_t6_8M_UR50D,-5.211743354797363,-0.15388087423084482
E42P,42,E,P,esm2_t6_8M_UR50D,-5.2127532958984375,-0.15449829280676083
A34W,34,A,W,esm2_t6_8M_UR50D,-5.218991279602051,-0.15831182907216848
W43R,43,W,R,esm2_t6_8M_UR50D,-5.222957611083984,-0.1607366108070455
A23Y,23,A,Y,esm2_t6_8M_UR50D,-5.23128080368042,-0.16582492111989447
K10I,10,K,I,esm2_t6_8M_UR50D,-5.242068290710449,-0.1724197560787935
T53V,53,T,V,esm2_t6_8M_UR50D,-5.243099212646484,-0.17305000110293442
D36M,36,D,M,esm2_t6_8M_UR50D,-5.244071006774902,-0.17364409886389612
T18W,18,T,W,esm2_t6_8M_UR50D,-5.246590614318848,-0.17518443869162995
K50D,50,K,D,esm2_t6_8M_UR50D,-5.247380256652832,-0.1756671795611847
G41N,41,G,N,esm2_t6_8M_UR50D,-5.267613410949707,-0.18803653981296403
E27R,27,E,R,esm2_t6_8M_UR50D,-5.267851829528809,-0.18818229490642863
L5D,5,L,D,esm2_t6_8M_UR50D,-5.2790679931640625,-0.195039197523377
T44A,44,T,A,esm2_t6_8M_UR50D,-5.283267974853516,-0.1976068192498493
A23F,23,A,F,esm2_t6_8M_UR50D,-5.284569263458252,-0.19840235054997907
T17W,17,T,W,esm2_t6_8M_UR50D,-5.288590431213379,-0.2008606559563529
A20R,20,A,R,esm2_t6_8M_UR50D,-5.289205551147461,-0.20123670409749156
D40F,40,D,F,esm2_t6_8M_UR50D,-5.289420127868652,-0.2013678836816097
T17R,17,T,R,esm2_t6_8M_UR50D,-5.289793014526367,-0.20159584464778832
A48G,48,A,G,esm2_t6_8M_UR50D,-5.29808235168457,-0.20666345773736536
A26Q,26,A,Q,esm2_t6_8M_UR50D,-5.302040100097656,-0.2090829922888776
T44Q,44,T,Q,esm2_t6_8M_UR50D,-5.31103515625,-0.21458204045510984
N8K,8,N,K,esm2_t6_8M_UR50D,-5.317203044891357,-0.2183527247230389
T55I,55,T,I,esm2_t6_8M_UR50D,-5.327990531921387,-0.22494755968193794
E42R,42,E,R,esm2_t6_8M_UR50D,-5.328049182891846,-0.22498341543493022
K4I,4,K,I,esm2_t6_8M_UR50D,-5.341035842895508,-0.2329226953759467
N8A,8,N,A,esm2_t6_8M_UR50D,-5.3448896408081055,-0.2352786807067084
D40H,40,D,H,esm2_t6_8M_UR50D,-5.3556108474731445,-0.2418329957496243
W43H,43,W,H,esm2_t6_8M_UR50D,-5.3581132888793945,-0.24336284121062868
K31Y,31,K,Y,esm2_t6_8M_UR50D,-5.368057727813721,-0.2494422861590369
D22G,22,D,G,esm2_t6_8M_UR50D,-5.371522903442383,-0.25156069068745135
T44I,44,T,I,esm2_t6_8M_UR50D,-5.373627662658691,-0.2528474166525568
E15W,15,E,W,esm2_t6_8M_UR50D,-5.3817620277404785,-0.2578202889313818
K28I,28,K,I,esm2_t6_8M_UR50D,-5.385514259338379,-0.2601141825923276
K50R,50,K,R,esm2_t6_8M_UR50D,-5.38879919052124,-0.26212239627008277
L5K,5,L,K,esm2_t6_8M_UR50D,-5.3984222412109375,-0.26800536335250075
T51N,51,T,N,esm2_t6_8M_UR50D,-5.410036563873291,-0.275105676975535
G9E,9,G,E,esm2_t6_8M_UR50D,-5.410851955413818,-0.2756041593951839
A20W,20,A,W,esm2_t6_8M_UR50D,-5.4116997718811035,-0.276122464507544
A26R,26,A,R,esm2_t6_8M_UR50D,-5.415399074554443,-0.27838400053774065
Y33R,33,Y,R,esm2_t6_8M_UR50D,-5.418438911437988,-0.28024237797941426
A24G,24,A,G,esm2_t6_8M_UR50D,-5.418510913848877,-0.28028639601764055
E15R,15,E,R,esm2_t6_8M_UR50D,-5.420159339904785,-0.2812941467338548
L5G,5,L,G,esm2_t6_8M_UR50D,-5.421485900878906,-0.28210512807389176
A26N,26,A,N,esm2_t6_8M_UR50D,-5.436439514160156,-0.29124688753599115
E56W,56,E,W,esm2_t6_8M_UR50D,-5.438699722290039,-0.29262864582203546
Y45W,45,Y,W,esm2_t6_8M_UR50D,-5.440263271331787,-0.2935845077249763
T25F,25,T,F,esm2_t6_8M_UR50D,-5.444575309753418,-0.29622063434537693
L12R,12,L,R,esm2_t6_8M_UR50D,-5.448248386383057,-0.2984661373152925
A26D,26,A,D,esm2_t6_8M_UR50D,-5.4623260498046875,-0.3070723925640029
N37R,37,N,R,esm2_t6_8M_UR50D,-5.46436882019043,-0.30832122220480757
G41E,41,G,E,esm2_t6_8M_UR50D,-5.4652605056762695,-0.30886634625436515
A26S,26,A,S,esm2_t6_8M_UR50D,-5.4720001220703125,-0.31298655123642233
V54P,54,V,P,esm2_t6_8M_UR50D,-5.4721503257751465,-0.31307837694530505
K28R,28,K,R,esm2_t6_8M_UR50D,-5.474448204040527,-0.3144831645361168
V39P,39,V,P,esm2_t6_8M_UR50D,-5.477174758911133,-0.31615001978497786
G41M,41,G,M,esm2_t6_8M_UR50D,-5.478130340576172,-0.316734206199584
T16R,16,T,R,esm2_t6_8M_UR50D,-5.4816694259643555,-0.31889779480697245
A24Q,24,A,Q,esm2_t6_8M_UR50D,-5.487551689147949,-0.3224938644729309
Q32H,32,Q,H,esm2_t6_8M_UR50D,-5.487779140472412,-0.3226329148320961
G14M,14,G,M,esm2_t6_8M_UR50D,-5.49212646484375,-0.3252906132063295
V54G,54,V,G,esm2_t6_8M_UR50D,-5.492684364318848,-0.3256316801250367
G41W,41,G,W,esm2_t6_8M_UR50D,-5.517269134521484,-0.3406613623427318
T55Q,55,T,Q,esm2_t6_8M_UR50D,-5.518528938293457,-0.3414315322565987
T51I,51,T,I,esm2_t6_8M_UR50D,-5.520562171936035,-0.3426745316936648
D22Q,22,D,Q,esm2_t6_8M_UR50D,-5.522565841674805,-0.34389945749914125
T44D,44,T,D,esm2_t6_8M_UR50D,-5.529839038848877,-0.3483458623803722
L7M,7,L,M,esm2_t6_8M_UR50D,-5.53485107421875,-0.3514099259551849
A24L,24,A,L,esm2_t6_8M_UR50D,-5.5390095710754395,-0.3539521862953943
T51D,51,T,D,esm2_t6_8M_UR50D,-5.540004253387451,-0.3545602765453286
L12N,12,L,N,esm2_t6_8M_UR50D,-5.541975975036621,-0.35576567116828084
K13H,13,K,H,esm2_t6_8M_UR50D,-5.5435333251953125,-0.35671774343879153
K13R,13,K,R,esm2_t6_8M_UR50D,-5.54367733001709,-0.35680577951524417
T18R,18,T,R,esm2_t6_8M_UR50D,-5.546111106872559,-0.35829364750933074
T44N,44,T,N,esm2_t6_8M_UR50D,-5.550085544586182,-0.36072338491738554
T18M,18,T,M,esm2_t6_8M_UR50D,-5.55301570892334,-0.3625147150160654
I6H,6,I,H,esm2_t6_8M_UR50D,-5.555127143859863,-0.36380552212378786
K28Y,28,K,Y,esm2_t6_8M_UR50D,-5.556393146514893,-0.36457948167008486
I6W,6,I,W,esm2_t6_8M_UR50D,-5.563429832458496,-0.3688812974985989
L5M,5,L,M,esm2_t6_8M_UR50D,-5.564568042755127,-0.3695771323147989
T55G,55,T,G,esm2_t6_8M_UR50D,-5.564999580383301,-0.3698409490339698
V54M,54,V,M,esm2_t6_8M_UR50D,-5.568212032318115,-0.37180485316331174
V21R,21,V,R,esm2_t6_8M_UR50D,-5.569305419921875,-0.37247328602194035
T55D,55,T,D,esm2_t6_8M_UR50D,-5.574516296386719,-0.37565890934470253
E42H,42,E,H,esm2_t6_8M_UR50D,-5.574838161468506,-0.3758556787208797
F30C,30,F,C,esm2_t6_8M_UR50D,-5.575924873352051,-0.37652003043689136
Q32P,32,Q,P,esm2_t6_8M_UR50D,-5.581625461578369,-0.38000503472162983
E27Y,27,E,Y,esm2_t6_8M_UR50D,-5.5859174728393555,-0.38262891791417947
K10S,10,K,S,esm2_t6_8M_UR50D,-5.589818954467773,-0.38501405426363405
L5N,5,L,N,esm2_t6_8M_UR50D,-5.604393482208252,-0.39392406312712475
F30P,30,F,P,esm2_t6_8M_UR50D,-5.60761833190918,-0.39589554652132686
V54W,54,V,W,esm2_t6_8M_UR50D,-5.612929344177246,-0.39914238698334414
A34C,34,A,C,esm2_t6_8M_UR50D,-5.627597808837891,-0.40810982335365986
G41P,41,G,P,esm2_t6_8M_UR50D,-5.634845733642578,-0.4125407781949835
D46S,46,D,S,esm2_t6_8M_UR50D,-5.636054039001465,-0.4132794650086621
K31F,31,K,F,esm2_t6_8M_UR50D,-5.650054931640625,-0.42183878711727696
K4L,4,K,L,esm2_t6_8M_UR50D,-5.651772499084473,-0.4228888068105959
L12M,12,L,M,esm2_t6_8M_UR50D,-5.652543067932129,-0.42335988727267343
T55R,55,T,R,esm2_t6_8M_UR50D,-5.653860092163086,-0.42416503840897185
E19H,19,E,H,esm2_t6_8M_UR50D,-5.661040782928467,-0.4285548903139385
Y45K,45,Y,K,esm2_t6_8M_UR50D,-5.667940139770508,-0.43277275120861697
V39M,39,V,M,esm2_t6_8M_UR50D,-5.673079013824463,-0.43591435649315285
N35W,35,N,W,esm2_t6_8M_UR50D,-5.685591697692871,-0.44356387530836167
G41Q,41,G,Q,esm2_t6_8M_UR50D,-5.696850776672363,-0.4504470138421337
G41H,41,G,H,esm2_t6_8M_UR50D,-5.697501182556152,-0.4508446337371051
Y3H,3,Y,H,esm2_t6_8M_UR50D,-5.701695442199707,-0.45340875734133423
T11Y,11,T,Y,esm2_t6_8M_UR50D,-5.708837985992432,-0.45777528843134657
Y3R,3,Y,R,esm2_t6_8M_UR50D,-5.722506999969482,-0.4661317194498587
A26E,26,A,E,esm2_t6_8M_UR50D,-5.723889350891113,-0.46697680748176645
A26M,26,A,M,esm2_t6_8M_UR50D,-5.724447250366211,-0.46731787440047357
E15H,15,E,H,esm2_t6_8M_UR50D,-5.7272233963012695,-0.4690150467087753
D36W,36,D,W,esm2_t6_8M_UR50D,-5.728558540344238,-0.46983127523217705
G38R,38,G,R,esm2_t6_8M_UR50D,-5.7377142906188965,-0.4754285623314044
N8S,8,N,S,esm2_t6_8M_UR50D,-5.746643543243408,-0.4808873820918404
T53E,53,T,E,esm2_t6_8M_UR50D,-5.750308990478516,-0.48312822089876506
D47Y,47,D,Y,esm2_t6_8M_UR50D,-5.766857147216797,-0.49324479042595565
K28F,28,K,F,esm2_t6_8M_UR50D,-5.7698774337768555,-0.49509121594996514
D47F,47,D,F,esm2_t6_8M_UR50D,-5.775082588195801,-0.49827334115048416
K50E,50,K,E,esm2_t6_8M_UR50D,-5.778764724731445,-0.5005243828139514
D36H,36,D,H,esm2_t6_8M_UR50D,-5.790562629699707,-0.5077369278589534
T55L,55,T,L,esm2_t6_8M_UR50D,-5.799700736999512,-0.5133234290812644
G38M,38,G,M,esm2_t6_8M_UR50D,-5.8009538650512695,-0.5140895178525142
L5S,5,L,S,esm2_t6_8M_UR50D,-5.801697254180908,-0.5145439822339368
E27M,27,E,M,esm2_t6_8M_UR50D,-5.804309844970703,-0.5161411665481219
V54S,54,V,S,esm2_t6_8M_UR50D,-5.808062553405762,-0.5184353517192546
G41R,41,G,R,esm2_t6_8M_UR50D,-5.811178207397461,-0.52034007928065
Y45A,45,Y,A,esm2_t6_8M_UR50D,-5.8136210441589355,-0.5218334859682882
A20H,20,A,H,esm2_t6_8M_UR50D,-5.815085411071777,-0.5227287137523478
F52K,52,F,K,esm2_t6_8M_UR50D,-5.816532135009766,-0.5236131556594908
F52S,52,F,S,esm2_t6_8M_UR50D,-5.818112373352051,-0.5245792204189742
T17H,17,T,H,esm2_t6_8M_UR50D,-5.8446245193481445,-0.5407871868122371
G14H,14,G,H,esm2_t6_8M_UR50D,-5.856237411499023,-0.5478866259047106
V29H,29,V,H,esm2_t6_8M_UR50D,-5.857227802276611,-0.5484920925629625
K4Y,4,K,Y,esm2_t6_8M_UR50D,-5.857272148132324,-0.548519203010347
A23M,23,A,M,esm2_t6_8M_UR50D,-5.8582868576049805,-0.5491395366881322
T11G,11,T,G,esm2_t6_8M_UR50D,-5.86612606048584,-0.5539319641612481
Y33H,33,Y,H,esm2_t6_8M_UR50D,-5.872278690338135,-0.5576933201031954
K10G,10,K,G,esm2_t6_8M_UR50D,-5.876930236816406,-0.5605370019766897
G9A,9,G,A,esm2_t6_8M_UR50D,-5.888269424438477,-0.5674691142218657
L7P,7,L,P,esm2_t6_8M_UR50D,-5.890439510345459,-0.5687957770825806
F52G,52,F,G,esm2_t6_8M_UR50D,-5.8958234786987305,-0.572087218603198
Y3C,3,Y,C,esm2_t6_8M_UR50D,-5.8974080085754395,-0.5730559069543637
T55P,55,T,P,esm2_t6_8M_UR50D,-5.897642135620117,-0.573199038456146
T16H,16,T,H,esm2_t6_8M_UR50D,-5.898209095001221,-0.5735456440684047
K10R,10,K,R,esm2_t6_8M_UR50D,-5.900390625,-0.5748793031736058
V54Q,54,V,Q,esm2_t6_8M_UR50D,-5.902155876159668,-0.5759584738856176
L5Q,5,L,Q,esm2_t6_8M_UR50D,-5.902606964111328,-0.5762342425224526
D40M,40,D,M,esm2_t6_8M_UR50D,-5.9063239097595215,-0.5785065644295656
V54E,54,V,E,esm2_t6_8M_UR50D,-5.90750789642334,-0.5792303842237109
F30H,30,F,H,esm2_t6_8M_UR50D,-5.910510063171387,-0.581065732360617
V39H,39,V,H,esm2_t6_8M_UR50D,-5.915216445922852,-0.5839429379056081
T25Y,25,T,Y,esm2_t6_8M_UR50D,-5.91920804977417,-0.5863831696803924
V39R,39,V,R,esm2_t6_8M_UR50D,-5.92849588394165,-0.592061205101399
E42F,42,E,F,esm2_t6_8M_UR50D,-5.929531097412109,-0.5926940737172224
T49I,49,T,I,esm2_t6_8M_UR50D,-5.93755578994751,-0.5975998986530536
T44L,44,T,L,esm2_t6_8M_UR50D,-5.939074516296387,-0.5985283585984231
K31M,31,K,M,esm2_t6_8M_UR50D,-5.946766376495361,-0.6032307094237779
G14W,14,G,W,esm2_t6_8M_UR50D,-5.958579063415527,-0.6104522912845747
F52C,52,F,C,esm2_t6_8M_UR50D,-5.969930171966553,-0.6173916912844241
G38H,38,G,H,esm2_t6_8M_UR50D,-5.971067905426025,-0.6180872345904371
E27F,27,E,F,esm2_t6_8M_UR50D,-5.978244781494141,-0.6224747544139083
K50H,50,K,H,esm2_t6_8M_UR50D,-5.979374885559082,-0.6231656335569304
D22F,22,D,F,esm2_t6_8M_UR50D,-5.981820106506348,-0.6246604977955034
V21W,21,V,W,esm2_t6_8M_UR50D,-5.984702110290527,-0.6264223853653034
A24I,24,A,I,esm2_t6_8M_UR50D,-6.005003929138184,-0.6388337230840005
A34H,34,A,H,esm2_t6_8M_UR50D,-6.015774726867676,-0.645418355186357
N37W,37,N,W,esm2_t6_8M_UR50D,-6.021609783172607,-0.6489855653438096
T44Y,44,T,Y,esm2_t6_8M_UR50D,-6.0305585861206055,-0.6544563370219096
N37P,37,N,P,esm2_t6_8M_UR50D,-6.031625747680664,-0.6551087368202572
G9K,9,G,K,esm2_t6_8M_UR50D,-6.035566806793213,-0.6575180685152269
K10L,10,K,L,esm2_t6_8M_UR50D,-6.039409637451172,-0.6598673491116892
D47H,47,D,H,esm2_t6_8M_UR50D,-6.0396728515625,-0.6600282627348741
D46A,46,D,A,esm2_t6_8M_UR50D,-6.03970193862915,-0.6600460448562768
A34P,34,A,P,esm2_t6_8M_UR50D,-6.041223049163818,-0.6609759623525809
T49R,49,T,R,esm2_t6_8M_UR50D,-6.055815696716309,-0.6698970486031749
K13W,13,K,W,esm2_t6_8M_UR50D,-6.057973861694336,-0.6712164237092164
D47M,47,D,M,esm2_t6_8M_UR50D,-6.064328193664551,-0.6751010884602348
K50A,50,K,A,esm2_t6_8M_UR50D,-6.06492805480957,-0.6754678082753918
D46E,46,D,E,esm2_t6_8M_UR50D,-6.08331298828125,-0.6867072750426335
T53A,53,T,A,esm2_t6_8M_UR50D,-6.083362102508545,-0.6867373005918872
T53I,53,T,I,esm2_t6_8M_UR50D,-6.084417343139648,-0.6873824126355615
T25M,25,T,M,esm2_t6_8M_UR50D,-6.086114883422852,-0.6884201889010294
D22R,22,D,R,esm2_t6_8M_UR50D,-6.086896896362305,-0.6888982656075934
A26P,26,A,P,esm2_t6_8M_UR50D,-6.089508056640625,-0.6904945753912176
E56M,56,E,M,esm2_t6_8M_UR50D,-6.104140281677246,-0.6994398569873267
G38W,38,G,W,esm2_t6_8M_UR50D,-6.1059675216674805,-0.7005569240236393
D22Y,22,D,Y,esm2_t6_8M_UR50D,-6.110136985778809,-0.7031058890981482
K28P,28,K,P,esm2_t6_8M_UR50D,-6.116503715515137,-0.7069981331140267
K4P,4,K,P,esm2_t6_8M_UR50D,-6.117972373962402,-0.7078959844897685
T51L,51,T,L,esm2_t6_8M_UR50D,-6.127204895019531,-0.7135402047290915
G9S,9,G,S,esm2_t6_8M_UR50D,-6.131341934204102,-0.7160693471108892
N8T,8,N,T,esm2_t6_8M_UR50D,-6.143345832824707,-0.7234078245566445
D46T,46,D,T,esm2_t6_8M_UR50D,-6.1677751541137695,-0.7383424744534008
L12P,12,L,P,esm2_t6_8M_UR50D,-6.177942276000977,-0.744558054659105
N37C,37,N,C,esm2_t6_8M_UR50D,-6.200643539428711,-0.7584362716384297
Y45T,45,Y,T,esm2_t6_8M_UR50D,-6.2017059326171875,-0.759085756334908
T11R,11,T,R,esm2_t6_8M_UR50D,-6.204817771911621,-0.760988151814808
K50S,50,K,S,esm2_t6_8M_UR50D,-6.209092140197754,-0.7636012491304411
T25R,25,T,R,esm2_t6_8M_UR50D,-6.214253902435303,-0.7667568469039496
A48L,48,A,L,esm2_t6_8M_UR50D,-6.22171688079834,-0.7713192728395784
E42M,42,E,M,esm2_t6_8M_UR50D,-6.225994110107422,-0.7739341192163331
K13M,13,K,M,esm2_t6_8M_UR50D,-6.227265357971191,-0.7747112853746864
E27P,27,E,P,esm2_t6_8M_UR50D,-6.239676475524902,-0.7822987125200793
N8Q,8,N,Q,esm2_t6_8M_UR50D,-6.2506818771362305,-0.789026767634405
K4H,4,K,H,esm2_t6_8M_UR50D,-6.261853218078613,-0.7958562682937821
A26W,26,A,W,esm2_t6_8M_UR50D,-6.266153335571289,-0.7984851071595095
G41C,41,G,C,esm2_t6_8M_UR50D,-6.278655052185059,-0.806127921240419
T55Y,55,T,Y,esm2_t6_8M_UR50D,-6.280744552612305,-0.8074053188795427
T51R,51,T,R,esm2_t6_8M_UR50D,-6.286498546600342,-0.8109229723052173
D46K,46,D,K,esm2_t6_8M_UR50D,-6.291540622711182,-0.8140054010218064
A48I,48,A,I,esm2_t6_8M_UR50D,-6.298813343048096,-0.8184515143928505
V54N,54,V,N,esm2_t6_8M_UR50D,-6.302830696105957,-0.8209074877177288
G9T,9,G,T,esm2_t6_8M_UR50D,-6.320700645446777,-0.8318321234830871
T18H,18,T,H,esm2_t6_8M_UR50D,-6.328387260437012,-0.8365312676963856
Y33P,33,Y,P,esm2_t6_8M_UR50D,-6.341143608093262,-0.8443297482171154
T44R,44,T,R,esm2_t6_8M_UR50D,-6.378884315490723,-0.8674021964921868
D40W,40,D,W,esm2_t6_8M_UR50D,-6.387631416320801,-0.8727496593612158
K28M,28,K,M,esm2_t6_8M_UR50D,-6.406154155731201,-0.8840733725724802
T53N,53,T,N,esm2_t6_8M_UR50D,-6.411219596862793,-0.8871700852882289
T51H,51,T,H,esm2_t6_8M_UR50D,-6.414802551269531,-0.8893604928328149
L5P,5,L,P,esm2_t6_8M_UR50D,-6.418973922729492,-0.8919106239480714
T55H,55,T,H,esm2_t6_8M_UR50D,-6.427032470703125,-0.8968371461071747
K10Y,10,K,Y,esm2_t6_8M_UR50D,-6.439935684204102,-0.9047254117654786
T11F,11,T,F,esm2_t6_8M_UR50D,-6.447585105895996,-0.9094018181841966
V29P,29,V,P,esm2_t6_8M_UR50D,-6.449313163757324,-0.910458251101628
D46Q,46,D,Q,esm2_t6_8M_UR50D,-6.474680423736572,-0.925966301536074
L5R,5,L,R,esm2_t6_8M_UR50D,-6.4802398681640625,-0.9293650188054814
F52E,52,F,E,esm2_t6_8M_UR50D,-6.487394332885742,-0.933738837650167
T11M,11,T,M,esm2_t6_8M_UR50D,-6.497735023498535,-0.9400605275639133
A23H,23,A,H,esm2_t6_8M_UR50D,-6.500689506530762,-0.9418667246821265
K28H,28,K,H,esm2_t6_8M_UR50D,-6.512870788574219,-0.9493136439174197
K31H,31,K,H,esm2_t6_8M_UR50D,-6.522966384887695,-0.9554854975950844
T51G,51,T,G,esm2_t6_8M_UR50D,-6.529473781585693,-0.9594637371161071
K31W,31,K,W,esm2_t6_8M_UR50D,-6.539469242095947,-0.9655743736545167
I6P,6,I,P,esm2_t6_8M_UR50D,-6.543042182922363,-0.9677586594851771
T17C,17,T,C,esm2_t6_8M_UR50D,-6.546967029571533,-0.9701580798337913
V54D,54,V,D,esm2_t6_8M_UR50D,-6.568788051605225,-0.9834981690080449
K31P,31,K,P,esm2_t6_8M_UR50D,-6.596440315246582,-1.0004031362582555
T44G,44,T,G,esm2_t6_8M_UR50D,-6.598383903503418,-1.0015913317801788
A23W,23,A,W,esm2_t6_8M_UR50D,-6.611201286315918,-1.0094271256048355
V54H,54,V,H,esm2_t6_8M_UR50D,-6.616299629211426,-1.0125439525234823
Q32C,32,Q,C,esm2_t6_8M_UR50D,-6.620458602905273,-1.0150865043738786
K50L,50,K,L,esm2_t6_8M_UR50D,-6.623108386993408,-1.0167064264826442
K50Y,50,K,Y,esm2_t6_8M_UR50D,-6.624375820159912,-1.017481260559502
D22M,22,D,M,esm2_t6_8M_UR50D,-6.625771999359131,-1.0183348023868306
T49H,49,T,H,esm2_t6_8M_UR50D,-6.670591354370117,-1.045734719386866
K50T,50,K,T,esm2_t6_8M_UR50D,-6.671485424041748,-1.0462813009873582
L7C,7,L,C,esm2_t6_8M_UR50D,-6.676166534423828,-1.049143056492442
Y45E,45,Y,E,esm2_t6_8M_UR50D,-6.677145004272461,-1.0497412353960207
K4F,4,K,F,esm2_t6_8M_UR50D,-6.717102527618408,-1.0741689145301259
A26H,26,A,H,esm2_t6_8M_UR50D,-6.742438793182373,-1.0896580168024215
A24F,24,A,F,esm2_t6_8M_UR50D,-6.743521690368652,-1.0903200364369376
K10H,10,K,H,esm2_t6_8M_UR50D,-6.749579429626465,-1.094023381851686
T11W,11,T,W,esm2_t6_8M_UR50D,-6.754114151000977,-1.0967956437293827
F52Q,52,F,Q,esm2_t6_8M_UR50D,-6.760741710662842,-1.1008473438175115
V21H,21,V,H,esm2_t6_8M_UR50D,-6.763924598693848,-1.1027931743152637
E19C,19,E,C,esm2_t6_8M_UR50D,-6.776297569274902,-1.1103572806457025
T44H,44,T,H,esm2_t6_8M_UR50D,-6.777428150177002,-1.1110484512989116
G38C,38,G,C,esm2_t6_8M_UR50D,-6.809081077575684,-1.130399189017458
A20C,20,A,C,esm2_t6_8M_UR50D,-6.8144025802612305,-1.1336524427035877
N8V,8,N,V,esm2_t6_8M_UR50D,-6.82912540435791,-1.1426531112352134
D46V,46,D,V,esm2_t6_8M_UR50D,-6.836049556732178,-1.146886130659612
G9Q,9,G,Q,esm2_t6_8M_UR50D,-6.8481950759887695,-1.1543111866308855
E42W,42,E,W,esm2_t6_8M_UR50D,-6.856508731842041,-1.159393666739996
E27H,27,E,H,esm2_t6_8M_UR50D,-6.857151031494141,-1.1597863309617895
T53Q,53,T,Q,esm2_t6_8M_UR50D,-6.866762161254883,-1.1656620102895343
N8L,8,N,L,esm2_t6_8M_UR50D,-6.868166446685791,-1.1665205077900407
T16C,16,T,C,esm2_t6_8M_UR50D,-6.876109600067139,-1.1713764844839072
A24Y,24,A,Y,esm2_t6_8M_UR50D,-6.8852057456970215,-1.1769373328097683
V39C,39,V,C,esm2_t6_8M_UR50D,-6.8895463943481445,-1.1795909500413848
F52N,52,F,N,esm2_t6_8M_UR50D,-6.889970302581787,-1.1798501025975647
K50V,50,K,V,esm2_t6_8M_UR50D,-6.896305084228516,-1.1837228154309192
T53D,53,T,D,esm2_t6_8M_UR50D,-6.899295330047607,-1.185550875813152
A48R,48,A,R,esm2_t6_8M_UR50D,-6.901631832122803,-1.186979275729105
Y33C,33,Y,C,esm2_t6_8M_UR50D,-6.904598712921143,-1.1887930521121786
K10M,10,K,M,esm2_t6_8M_UR50D,-6.90968656539917,-1.191903465806713
D36C,36,D,C,esm2_t6_8M_UR50D,-6.922571182250977,-1.1997803625677266
K10F,10,K,F,esm2_t6_8M_UR50D,-6.933859825134277,-1.2066815747330881
G9V,9,G,V,esm2_t6_8M_UR50D,-6.946120738983154,-1.2141771761695985
L5H,5,L,H,esm2_t6_8M_UR50D,-6.949934005737305,-1.2165083831344712
F52H,52,F,H,esm2_t6_8M_UR50D,-6.9660162925720215,-1.2263401472090318
F52R,52,F,R,esm2_t6_8M_UR50D,-6.966362953186035,-1.2265520751149295
T11H,11,T,H,esm2_t6_8M_UR50D,-6.971423149108887,-1.229645581218622
E56C,56,E,C,esm2_t6_8M_UR50D,-6.977344512939453,-1.2332655547199087
T53R,53,T,R,esm2_t6_8M_UR50D,-6.979316234588623,-1.234470949342861
Y45G,45,Y,G,esm2_t6_8M_UR50D,-6.980027675628662,-1.2349058825417591
Y45S,45,Y,S,esm2_t6_8M_UR50D,-6.985199451446533,-1.2380676020291932
G14C,14,G,C,esm2_t6_8M_UR50D,-6.99586296081543,-1.2445866443394906
T25H,25,T,H,esm2_t6_8M_UR50D,-6.997915267944336,-1.245841304184034
K50I,50,K,I,esm2_t6_8M_UR50D,-7.010525703430176,-1.2535505825875632
E15C,15,E,C,esm2_t6_8M_UR50D,-7.011216163635254,-1.2539726893382366
Y45Q,45,Y,Q,esm2_t6_8M_UR50D,-7.015811443328857,-1.2567819730096732
F52D,52,F,D,esm2_t6_8M_UR50D,-7.031916618347168,-1.2666277295732067
Y45M,45,Y,M,esm2_t6_8M_UR50D,-7.037724494934082,-1.2701783236500042
N35C,35,N,C,esm2_t6_8M_UR50D,-7.041318893432617,-1.2723757274390763
T44F,44,T,F,esm2_t6_8M_UR50D,-7.0485968589782715,-1.2768250474221765
V29C,29,V,C,esm2_t6_8M_UR50D,-7.052323341369629,-1.2791031995330282
K28W,28,K,W,esm2_t6_8M_UR50D,-7.0584306716918945,-1.2828368620072172
V54C,54,V,C,esm2_t6_8M_UR50D,-7.0727410316467285,-1.291585374227149
E27W,27,E,W,esm2_t6_8M_UR50D,-7.0748186111450195,-1.2928554841115996
T55F,55,T,F,esm2_t6_8M_UR50D,-7.077334880828857,-1.294393783368025
D47W,47,D,W,esm2_t6_8M_UR50D,-7.0805134773254395,-1.2963369902740949
D46H,46,D,H,esm2_t6_8M_UR50D,-7.118073463439941,-1.3192989561883202
V21C,21,V,C,esm2_t6_8M_UR50D,-7.118074417114258,-1.3192995392086941
T53L,53,T,L,esm2_t6_8M_UR50D,-7.123441696166992,-1.322580777872769
T18C,18,T,C,esm2_t6_8M_UR50D,-7.133481025695801,-1.3287182333483762
Y45R,45,Y,R,esm2_t6_8M_UR50D,-7.134427070617676,-1.3292965895592437
T49M,49,T,M,esm2_t6_8M_UR50D,-7.143191337585449,-1.3346545467950022
N8R,8,N,R,esm2_t6_8M_UR50D,-7.152091979980469,-1.3400958759442225
D22H,22,D,H,esm2_t6_8M_UR50D,-7.153687477111816,-1.3410712690296875
T53Y,53,T,Y,esm2_t6_8M_UR50D,-7.1747565269470215,-1.3539516466391537
K4M,4,K,M,esm2_t6_8M_UR50D,-7.185701370239258,-1.3606426799597393
N8H,8,N,H,esm2_t6_8M_UR50D,-7.187151908874512,-1.361529453948378
L12C,12,L,C,esm2_t6_8M_UR50D,-7.193164825439453,-1.3652053974055551
A24P,24,A,P,esm2_t6_8M_UR50D,-7.214626312255859,-1.378325687898864
A24R,24,A,R,esm2_t6_8M_UR50D,-7.234553813934326,-1.3905081901208218
T53H,53,T,H,esm2_t6_8M_UR50D,-7.242238998413086,-1.3952064598035594
D46G,46,D,G,esm2_t6_8M_UR50D,-7.283235549926758,-1.4202693396349835
Y45H,45,Y,H,esm2_t6_8M_UR50D,-7.3099565505981445,-1.4366049874901212
T25P,25,T,P,esm2_t6_8M_UR50D,-7.316451072692871,-1.4405753562360968
A24M,24,A,M,esm2_t6_8M_UR50D,-7.321676731109619,-1.4437700163746539
G9P,9,G,P,esm2_t6_8M_UR50D,-7.372735977172852,-1.4749846356808445
L5C,5,L,C,esm2_t6_8M_UR50D,-7.3743743896484375,-1.4759862646831332
N8Y,8,N,Y,esm2_t6_8M_UR50D,-7.377331733703613,-1.477794210862468
Y45D,45,Y,D,esm2_t6_8M_UR50D,-7.393816947937012,-1.487872301044984
F52P,52,F,P,esm2_t6_8M_UR50D,-7.396214962005615,-1.4893383057750509
K4W,4,K,W,esm2_t6_8M_UR50D,-7.398796081542969,-1.4909162504168985
N8I,8,N,I,esm2_t6_8M_UR50D,-7.439627647399902,-1.515878267723645
T25W,25,T,W,esm2_t6_8M_UR50D,-7.443572521209717,-1.5182899315001102
T49P,49,T,P,esm2_t6_8M_UR50D,-7.454428672790527,-1.524926743925927
G9L,9,G,L,esm2_t6_8M_UR50D,-7.458942413330078,-1.5276861793553986
A26C,26,A,C,esm2_t6_8M_UR50D,-7.525649547576904,-1.5684669969558576
T49F,49,T,F,esm2_t6_8M_UR50D,-7.537429332733154,-1.5756684646137562
K50F,50,K,F,esm2_t6_8M_UR50D,-7.539526462554932,-1.576950526415871
Y45P,45,Y,P,esm2_t6_8M_UR50D,-7.555896282196045,-1.58695807113315
K50M,50,K,M,esm2_t6_8M_UR50D,-7.558901786804199,-1.5887954598413647
D40C,40,D,C,esm2_t6_8M_UR50D,-7.562643051147461,-1.591082648768011
A48M,48,A,M,esm2_t6_8M_UR50D,-7.5702409744262695,-1.5957275720865407
A48F,48,A,F,esm2_t6_8M_UR50D,-7.577093124389648,-1.5999165734727132
D22W,22,D,W,esm2_t6_8M_UR50D,-7.584516525268555,-1.6044548040628268
A48Y,48,A,Y,esm2_t6_8M_UR50D,-7.589555263519287,-1.6075351922081076
G9Y,9,G,Y,esm2_t6_8M_UR50D,-7.629826545715332,-1.6321546850452122
I6C,6,I,C,esm2_t6_8M_UR50D,-7.6538591384887695,-1.6468467984664432
T51Y,51,T,Y,esm2_t6_8M_UR50D,-7.664268970489502,-1.6532107573572945
T49Y,49,T,Y,esm2_t6_8M_UR50D,-7.669012069702148,-1.6561104091866792
Y45N,45,Y,N,esm2_t6_8M_UR50D,-7.688124656677246,-1.6677947204991748
A48P,48,A,P,esm2_t6_8M_UR50D,-7.701174736022949,-1.675772771295053
T55M,55,T,M,esm2_t6_8M_UR50D,-7.71141242980957,-1.6820314950084225
D46L,46,D,L,esm2_t6_8M_UR50D,-7.766420364379883,-1.715660110172574
K31C,31,K,C,esm2_t6_8M_UR50D,-7.766883850097656,-1.715943458074269
G9I,9,G,I,esm2_t6_8M_UR50D,-7.777994155883789,-1.7227356454297191
N8F,8,N,F,esm2_t6_8M_UR50D,-7.792088508605957,-1.7313521035349722
A48H,48,A,H,esm2_t6_8M_UR50D,-7.808140754699707,-1.7411655024677564
T51M,51,T,M,esm2_t6_8M_UR50D,-7.828387260437012,-1.7535430250047697
D46R,46,D,R,esm2_t6_8M_UR50D,-7.884902000427246,-1.7880928123596171
N8P,8,N,P,esm2_t6_8M_UR50D,-7.9082136154174805,-1.8023441623782113
T53G,53,T,G,esm2_t6_8M_UR50D,-7.9233856201171875,-1.8116194335059244
T44W,44,T,W,esm2_t6_8M_UR50D,-7.925520420074463,-1.8129245246128063
T44M,44,T,M,esm2_t6_8M_UR50D,-7.935170650482178,-1.818824107775879
D46I,46,D,I,esm2_t6_8M_UR50D,-7.936588764190674,-1.8196910590718065
T55W,55,T,W,esm2_t6_8M_UR50D,-7.962682723999023,-1.8356433710311326
A24H,24,A,H,esm2_t6_8M_UR50D,-7.973089694976807,-1.8420055808608622
E42C,42,E,C,esm2_t6_8M_UR50D,-7.998615264892578,-1.8576104126773685
G9F,9,G,F,esm2_t6_8M_UR50D,-8.032291412353516,-1.8781980281190556
G9R,9,G,R,esm2_t6_8M_UR50D,-8.042301177978516,-1.884317409963073
K13C,13,K,C,esm2_t6_8M_UR50D,-8.051375389099121,-1.8898648488203356
K10P,10,K,P,esm2_t6_8M_UR50D,-8.059139251708984,-1.8946112176839167
D22C,22,D,C,esm2_t6_8M_UR50D,-8.067235946655273,-1.8995610606579743
T25C,25,T,C,esm2_t6_8M_UR50D,-8.103490829467773,-1.9217251631905745
A23C,23,A,C,esm2_t6_8M_UR50D,-8.148571014404297,-1.94928453626286
D46Y,46,D,Y,esm2_t6_8M_UR50D,-8.156856536865234,-1.9543498172709415
N8M,8,N,M,esm2_t6_8M_UR50D,-8.263124465942383,-2.0193157775299806
K10W,10,K,W,esm2_t6_8M_UR50D,-8.269356727600098,-2.0231258156731453
E27C,27,E,C,esm2_t6_8M_UR50D,-8.278236389160156,-2.0285543183741406
T53F,53,T,F,esm2_t6_8M_UR50D,-8.289712905883789,-2.0355703855531524
T51P,51,T,P,esm2_t6_8M_UR50D,-8.342687606811523,-2.0679560012802374
K4C,4,K,C,esm2_t6_8M_UR50D,-8.432293891906738,-2.122736012587597
G9H,9,G,H,esm2_t6_8M_UR50D,-8.435521125793457,-2.1247089535327333
G9W,9,G,W,esm2_t6_8M_UR50D,-8.455650329589844,-2.1370147645637623
D47C,47,D,C,esm2_t6_8M_UR50D,-8.465391159057617,-2.1429697346623517
A24W,24,A,W,esm2_t6_8M_UR50D,-8.48120403289795,-2.1526367954812975
D46F,46,D,F,esm2_t6_8M_UR50D,-8.557952880859375,-2.199556526108298
Y45C,45,Y,C,esm2_t6_8M_UR50D,-8.69251823425293,-2.281821866900463
T51F,51,T,F,esm2_t6_8M_UR50D,-8.765820503234863,-2.3266345618963395
K50C,50,K,C,esm2_t6_8M_UR50D,-8.788505554199219,-2.3405028675293087
K28C,28,K,C,esm2_t6_8M_UR50D,-8.858182907104492,-2.3830995020841494
T55C,55,T,C,esm2_t6_8M_UR50D,-8.861849784851074,-2.385341215421635
T11C,11,T,C,esm2_t6_8M_UR50D,-8.881277084350586,-2.397217923457504
T53M,53,T,M,esm2_t6_8M_UR50D,-8.887032508850098,-2.4007364514137395
T53W,53,T,W,esm2_t6_8M_UR50D,-8.9694242477417,-2.45110591359286
A24C,24,A,C,esm2_t6_8M_UR50D,-8.992229461669922,-2.4650476797929355
G9M,9,G,M,esm2_t6_8M_UR50D,-9.002899169921875,-2.471570511735663
K50W,50,K,W,esm2_t6_8M_UR50D,-9.083144187927246,-2.5206275950532286
T49W,49,T,W,esm2_t6_8M_UR50D,-9.189840316772461,-2.58585533146013
K50P,50,K,P,esm2_t6_8M_UR50D,-9.205166816711426,-2.595225051888408
G9C,9,G,C,esm2_t6_8M_UR50D,-9.210992813110352,-2.5987867233523088
D46M,46,D,M,esm2_t6_8M_UR50D,-9.217583656311035,-2.602815977156044
K10C,10,K,C,esm2_t6_8M_UR50D,-9.22797966003418,-2.609171482251474
T51C,51,T,C,esm2_t6_8M_UR50D,-9.25544261932373,-2.625960719957474
N8W,8,N,W,esm2_t6_8M_UR50D,-9.272455215454102,-2.6363612204067337
T51W,51,T,W,esm2_t6_8M_UR50D,-9.278515815734863,-2.6400663148826036
D46P,46,D,P,esm2_t6_8M_UR50D,-9.309110641479492,-2.6587701914963544
T44C,44,T,C,esm2_t6_8M_UR50D,-9.318365097045898,-2.664427821204276
T44P,44,T,P,esm2_t6_8M_UR50D,-9.369790077209473,-2.695866028823841
T53P,53,T,P,esm2_t6_8M_UR50D,-9.458623886108398,-2.750173793628375
A48W,48,A,W,esm2_t6_8M_UR50D,-9.528987884521484,-2.793190202852394
D46C,46,D,C,esm2_t6_8M_UR50D,-9.591236114501953,-2.8312451086948784
T49C,49,T,C,esm2_t6_8M_UR50D,-9.646939277648926,-2.865298745711572
N8C,8,N,C,esm2_t6_8M_UR50D,-9.691680908203125,-2.892651146551138
T53C,53,T,C,esm2_t6_8M_UR50D,-9.9197359085083,-3.0320705576130136
A48C,48,A,C,esm2_t6_8M_UR50D,-10.495946884155273,-3.3843320505186196
D46W,46,D,W,esm2_t6_8M_UR50D,-10.912389755249023,-3.638920723212105
