pos,wt,mut,ddg
20,A,D,2.6490455980388523
20,A,E,3.724649217701802
20,A,F,3.563906371836927
20,A,G,3.625395055240397
20,A,H,2.591219870012252
20,A,I,2.366720191732525
20,A,K,2.695887491492522
20,A,L,2.5577398267891605
20,A,M,2.7475913975917345
20,A,N,2.7441314212127588
20,A,P,1.2180559066215555
20,A,Q,4.5595168837613125
20,A,R,2.7493900989715634
20,A,S,4.360719376509492
20,A,T,4.181816793687162
20,A,V,3.865636751113748
20,A,Y,2.4251237000177968
23,A,D,4.269637281116838
23,A,E,4.549155802754349
23,A,F,5.334918140865624
23,A,G,3.883352994600763
23,A,H,4.975264684732908
23,A,I,5.040675922329077
23,A,K,5.6861476569402924
23,A,L,4.938101038936866
23,A,M,5.322091230076187
23,A,N,4.402351688648707
23,A,P,5.090065996100172
23,A,Q,4.928047014163711
23,A,R,5.2149837928899565
23,A,S,5.190337068718701
23,A,T,4.530451131091292
23,A,V,5.218260160373529
23,A,Y,5.42357173696394
24,A,D,4.933910235326742
24,A,E,5.178136622230535
24,A,F,5.087227919515206
24,A,G,4.830831420456484
24,A,H,4.948530371007002
24,A,I,4.992608087771296
24,A,K,5.044456214651074
24,A,L,5.145462529570213
24,A,M,5.31824818147939
24,A,N,4.734069792659377
24,A,P,4.834095615036947
24,A,Q,5.212497848796676
24,A,R,4.98508532819463
24,A,S,5.121159366236295
24,A,T,4.864587652145067
24,A,V,5.147305970629942
24,A,Y,5.0669944934165
26,A,D,-0.6132961859014617
26,A,E,-3.4095001221279384
26,A,F,0.2344443142853362
26,A,G,1.8140835366681043
26,A,H,-1.9783844412688167
26,A,I,1.5092401966683446
26,A,K,-0.5126305679615066
26,A,L,0.5649363898227657
26,A,M,1.352322948508323
26,A,N,-0.9431828859210704
26,A,P,0.3363136974598979
26,A,Q,-0.1140519957849968
26,A,R,-1.621244919027693
26,A,S,2.2102755735218524
26,A,T,0.5664938409768553
26,A,V,2.4053795217399863
26,A,Y,-0.3400461601756056
34,A,D,0.0096741641147053
34,A,E,1.1058603133413405
34,A,F,2.632595310757141
34,A,G,3.1012518876379955
34,A,H,1.1930705479184835
34,A,I,4.395706345619066
34,A,K,1.35167670490183
34,A,L,4.756837138669068
34,A,M,4.282992571365149
34,A,N,2.3133960634733235
34,A,P,0.1581721152813256
34,A,Q,1.828908521946924
34,A,R,1.11544286701118
34,A,S,4.132412445309528
34,A,T,4.1631886735116606
34,A,V,4.770405462372452
34,A,Y,2.436394868432968
48,A,D,5.123727842809847
48,A,E,5.43074460462574
48,A,F,5.17052646083464
48,A,G,4.868098538016332
48,A,H,4.991076905817052
48,A,I,5.177904427893736
48,A,K,5.193665995578556
48,A,L,5.368104109673975
48,A,M,5.175731808175724
48,A,N,5.195282537153977
48,A,P,4.6439044140304215
48,A,Q,5.175086032204553
48,A,R,4.941292492051241
48,A,S,5.11592619962645
48,A,T,5.413338371361075
48,A,V,5.31553692280507
48,A,Y,5.056022651490387
22,D,A,3.440001228654012
22,D,E,3.702606301135018
22,D,F,3.425169176314012
22,D,G,3.458119449054391
22,D,H,3.67936050697849
22,D,I,2.7735400877875427
22,D,K,2.964224069650359
22,D,L,3.4726890832765744
22,D,M,3.258322689734762
22,D,N,4.891432940814371
22,D,P,0.9237664357671844
22,D,Q,2.9763706051296475
22,D,R,2.8914841440188583
22,D,S,4.6520806929164245
22,D,T,4.105206473359964
22,D,V,2.738585618122434
22,D,Y,3.274035436526628
36,D,A,5.211158603475456
36,D,E,5.254438699800536
36,D,F,4.790009334204535
36,D,G,4.288491470208837
36,D,H,4.859955996293097
36,D,I,5.103151378253862
36,D,K,4.713988865401906
36,D,L,5.228417690756665
36,D,M,5.260955124945962
36,D,N,5.049149955195388
36,D,P,1.4445014772049585
36,D,Q,5.329129192460871
36,D,R,5.068575833584513
36,D,S,5.081390253901192
36,D,T,4.6476695643234045
36,D,V,5.027436486979333
36,D,Y,4.834478272456417
40,D,A,5.258727441527358
40,D,E,5.262284498777351
40,D,F,5.732906120451938
40,D,G,4.643133501601124
40,D,H,5.757763988799967
40,D,I,5.444919496360801
40,D,K,5.514436520637269
40,D,L,5.44053744826214
40,D,M,5.4206092691042285
40,D,N,5.32094524887585
40,D,P,3.606487188718772
40,D,Q,5.424815562224263
40,D,R,5.254914230693879
40,D,S,5.615753285682628
40,D,T,5.482617877178615
40,D,V,5.4958881139563385
40,D,Y,5.527570600972432
46,D,A,3.6800942178223903
46,D,E,4.627166382497769
46,D,F,3.710928120597692
46,D,G,1.919197856111124
46,D,H,4.594535008934116
46,D,I,3.924332268931882
46,D,K,3.3430059431835644
46,D,L,3.638152387721984
46,D,M,3.760282485751014
46,D,N,5.080825694492221
46,D,P,-0.06748224354964
46,D,Q,3.957441867836442
46,D,R,3.173372712404472
46,D,S,4.3811142922443125
46,D,T,4.08354553156026
46,D,V,4.154987553463599
46,D,Y,3.760159390026869
47,D,A,5.54556753994094
47,D,E,5.5871143074679965
47,D,F,4.916477172570721
47,D,G,4.840102789409128
47,D,H,4.887628626790713
47,D,I,4.991656263347102
47,D,K,4.88302482355768
47,D,L,4.663166526813129
47,D,M,4.978367740371339
47,D,N,4.813789456494721
47,D,P,5.338403548902238
47,D,Q,4.854596167194825
47,D,R,4.706463876553764
47,D,S,5.318407908078344
47,D,T,4.868962932821174
47,D,V,5.238463587905252
47,D,Y,4.807917146465366
15,E,A,4.819864594406567
15,E,D,4.267875888852425
15,E,F,5.5707629602028135
15,E,G,4.410258222842911
15,E,H,4.981263360466635
15,E,I,5.311378789211688
15,E,K,4.498317954416517
15,E,L,4.909888916759978
15,E,M,5.309990733529167
15,E,N,4.510529528822313
15,E,P,3.271281872634664
15,E,Q,5.177424331049908
15,E,R,4.895426360254694
15,E,S,5.526852170307045
15,E,T,5.040617967441069
15,E,V,5.609289341941649
15,E,Y,5.457649838131793
19,E,A,4.642114843893138
19,E,D,4.8587067606277206
19,E,F,5.691870377979468
19,E,G,4.198901518857641
19,E,H,5.198748246180594
19,E,I,5.815602267083687
19,E,K,5.2823338203469445
19,E,L,5.345905822185591
19,E,M,5.488374669955467
19,E,N,5.105605926564275
19,E,P,4.0147234932315
19,E,Q,5.5029574809590045
19,E,R,5.133431438307056
19,E,S,5.152853523420243
19,E,T,5.435649073724683
19,E,V,5.611106586271262
19,E,Y,5.733934429724616
27,E,A,5.117816622550926
27,E,D,3.733934549402784
27,E,F,6.132197328793621
27,E,G,4.51661996630996
27,E,H,5.084918263588451
27,E,I,4.892989322106169
27,E,K,4.9515050427383045
27,E,L,5.6715892698134365
27,E,M,6.130934072758434
27,E,N,4.043273537067711
27,E,P,-3.1829149437434765
27,E,Q,5.167028080688338
27,E,R,4.851154080057079
27,E,S,4.632651065610985
27,E,T,3.594140099128961
27,E,V,4.426028254339123
27,E,Y,6.075457546398495
42,E,A,5.035513189044064
42,E,D,5.199646104693935
42,E,F,5.233255048886123
42,E,G,4.166546999864628
42,E,H,5.297413691997551
42,E,I,5.539153815821299
42,E,K,4.97973835860477
42,E,L,5.055375162047374
42,E,M,5.269347177953968
42,E,N,5.033242174489846
42,E,P,3.922941959463477
42,E,Q,5.186047165270438
42,E,R,4.884690054353337
42,E,S,4.997536687832891
42,E,T,5.346752625511819
42,E,V,5.598383283400853
42,E,Y,5.368181245398699
56,E,A,4.5236433194567605
56,E,D,4.716609774048878
56,E,F,5.019777424077928
56,E,G,4.111633012567698
56,E,H,4.332909591283103
56,E,I,4.870783128193969
56,E,K,3.3013478176657447
56,E,L,4.500661609638023
56,E,M,4.614549783094804
56,E,N,4.0011457394147065
56,E,P,3.997381973886247
56,E,Q,4.929696037967374
56,E,R,3.3111984521797666
56,E,S,4.8341528577558
56,E,T,4.394758303770896
56,E,V,4.760483417325999
56,E,Y,5.168785493297472
30,F,A,0.9036183869636836
30,F,D,-0.8267707975732692
30,F,E,-0.1262668901623333
30,F,G,-4.758056150579344
30,F,H,1.1318873672195582
30,F,I,1.3305587650558102
30,F,K,-2.7227958971046915
30,F,L,4.011397192805051
30,F,M,2.621032951094445
30,F,N,-3.044629611645556
30,F,P,-6.823088738648348
30,F,Q,-2.8730354136702365
30,F,R,-2.2145513119353155
30,F,S,0.1089404614956629
30,F,T,-0.5885079700233924
30,F,V,1.5398284759056553
30,F,Y,1.7256865888104431
52,F,A,-0.064254962299636
52,F,D,-5.9562704652247245
52,F,E,-3.193556073745375
52,F,G,-4.079695505145933
52,F,H,1.6046505798851838
52,F,I,1.0614373880185188
52,F,K,-2.4522025370315683
52,F,L,1.351351457294076
52,F,M,1.8668881983043528
52,F,N,-3.1343378711910708
52,F,P,-1.287889355549928
52,F,Q,-2.3867629956711367
52,F,R,-1.3811124909430197
52,F,S,-0.790730072107478
52,F,T,-0.1433967820237191
52,F,V,1.100523145852132
52,F,Y,4.442055769991763
14,G,A,5.399216836767027
14,G,D,4.8064079055382685
14,G,E,4.86103265130154
14,G,F,5.209465612649533
14,G,H,4.963593866785777
14,G,I,5.600045989875958
14,G,K,5.255012493459288
14,G,L,5.785979013155991
14,G,M,5.306285188666855
14,G,N,4.798458476093998
14,G,P,3.666204685482352
14,G,Q,5.129350308072987
14,G,R,5.308668172814484
14,G,S,5.211231448356205
14,G,T,5.464318219130643
14,G,V,5.713064094950649
14,G,Y,5.305966583481857
38,G,A,4.592118297255238
38,G,D,4.765464405307515
38,G,E,4.450661793413634
38,G,F,4.5823866186563365
38,G,H,4.776110926116733
38,G,I,3.379233794483577
38,G,K,4.577636755331989
38,G,L,4.538528400793493
38,G,M,4.628184700534031
38,G,N,5.0016515386658185
38,G,P,1.5823434046338791
38,G,Q,4.7349217286644665
38,G,R,4.469950804181509
38,G,S,4.525149210957956
38,G,T,3.494304033142273
38,G,V,3.1489657954797923
38,G,Y,4.465119054916046
41,G,A,2.326699752380828
41,G,D,1.7085286819049528
41,G,E,1.2897678890874915
41,G,F,2.911932306003041
41,G,H,1.833688433918744
41,G,I,1.5268604558879642
41,G,K,1.4264480601340348
41,G,L,2.756953990942128
41,G,M,2.3660188818874994
41,G,N,1.7315945636421952
41,G,P,1.2569431361459231
41,G,Q,2.1980396775820736
41,G,R,1.447374094605387
41,G,S,1.8599811244588176
41,G,T,1.934017069095649
41,G,V,1.8596873281937647
41,G,Y,3.1336149119192607
9,G,A,4.754663661773915
9,G,D,2.9116719399351814
9,G,E,2.359670779090057
9,G,F,5.398762096055727
9,G,H,4.796579650982373
9,G,I,4.656702096728419
9,G,K,3.555531733189901
9,G,L,5.425126527362303
9,G,M,5.19399273631613
9,G,N,3.5590196586241687
9,G,P,2.6588180224846827
9,G,Q,3.543622147917196
9,G,R,3.708337198171156
9,G,S,5.041668172103786
9,G,T,5.760840318901727
9,G,V,4.702332306127156
9,G,Y,4.400590095320594
6,I,A,3.302109192479956
6,I,D,2.231255615838352
6,I,E,3.433660091531931
6,I,F,4.399567409805751
6,I,G,1.4651127872281506
6,I,H,3.937637041077319
6,I,K,4.364191353519773
6,I,L,4.649859208687955
6,I,M,4.286125489343262
6,I,N,3.640276743862395
6,I,P,-1.6412679778369514
6,I,Q,3.800801467688091
6,I,R,4.314559753545959
6,I,S,3.4509459181072404
6,I,T,3.7296397962279113
6,I,V,4.774795957602004
6,I,Y,4.60971440601852
10,K,A,5.130719265967642
10,K,D,4.411754432147939
10,K,E,4.712305979469177
10,K,F,5.213683582988617
10,K,G,4.662957681187443
10,K,H,5.092243653651847
10,K,I,5.534706301135715
10,K,L,5.459519900395065
10,K,M,5.1268240508534175
10,K,N,4.960278625846794
10,K,P,4.880268772837225
10,K,Q,5.040938231093601
10,K,R,5.099041045495909
10,K,S,5.004744141994202
10,K,T,5.045001766390002
10,K,V,5.249591856349824
10,K,Y,5.094216422720434
13,K,A,4.595394294065213
13,K,D,3.9737697878035183
13,K,E,4.1879437427030215
13,K,F,4.919369259521528
13,K,G,4.066380754767079
13,K,H,5.053857502097443
13,K,I,4.90893251604808
13,K,L,4.630139657211787
13,K,M,4.82847045903849
13,K,N,4.708684034603511
13,K,P,3.785782636714784
13,K,Q,5.086557043948687
13,K,R,5.104136865188652
13,K,S,4.962502628790997
13,K,T,4.875838371654628
13,K,V,5.089315374607983
13,K,Y,4.965437629227627
28,K,A,5.246332166873509
28,K,D,4.315823188781007
28,K,E,5.071848066094285
28,K,F,4.935735627246292
28,K,G,4.59278032024964
28,K,H,4.877826999385595
28,K,I,5.108883947031544
28,K,L,5.235107196562087
28,K,M,5.088532291031962
28,K,N,4.690989644591234
28,K,P,2.6952263978140207
28,K,Q,5.147842183837516
28,K,R,5.306325607023287
28,K,S,4.904167820426779
28,K,T,4.932816898372249
28,K,V,5.025564365152741
28,K,Y,5.094667227704779
31,K,A,4.0939296438189405
31,K,D,1.977933847185952
31,K,E,3.424687947958981
31,K,F,4.386100286030274
31,K,G,2.8252816949474577
31,K,H,4.757794832557926
31,K,I,4.659480638681182
31,K,L,4.55255218819727
31,K,M,4.656892613383986
31,K,N,3.626979781387023
31,K,P,-1.6781208770047111
31,K,Q,4.900426259558651
31,K,R,5.607153962869962
31,K,S,3.6308654777871374
31,K,T,3.927960202627147
31,K,V,4.366355687624528
31,K,Y,4.418241810552358
4,K,A,3.804810728793559
4,K,D,1.838846270379634
4,K,E,2.5986872896601856
4,K,F,5.329121383439922
4,K,G,3.1446260801624675
4,K,H,5.289929281218193
4,K,I,5.370170919379492
4,K,L,4.690482693903856
4,K,M,4.718667061600009
4,K,N,4.261132751821861
4,K,P,0.3484225756924259
4,K,Q,4.036064521740729
4,K,R,5.363320354641326
4,K,S,4.413415079056828
4,K,T,5.61871282464382
4,K,V,5.133635264795656
4,K,Y,5.631221252433413
50,K,A,4.331682026308585
50,K,D,2.2879341306624257
50,K,E,2.8186520014717606
50,K,F,5.022133597303207
50,K,G,4.090498729349691
50,K,H,5.367177636338738
50,K,I,2.79714964075298
50,K,L,5.251356710596135
50,K,M,5.208096163093526
50,K,N,4.770261328056705
50,K,P,-0.5105335481175031
50,K,Q,4.943371168995366
50,K,S,4.231156869626755
50,K,T,3.3916888982409947
50,K,V,3.090274027619782
50,K,Y,5.012553603077244
12,L,A,4.715306286199697
12,L,D,3.961231233036784
12,L,E,4.364480452303447
12,L,F,5.872421532910823
12,L,G,4.7718770557289245
12,L,H,5.297994341102709
12,L,I,5.419515397339495
12,L,K,5.026942471549495
12,L,M,5.501400000827726
12,L,N,4.681012641443411
12,L,P,3.2143717916000725
12,L,Q,4.967808648483688
12,L,R,4.629234190577058
12,L,S,4.702810687458175
12,L,T,4.950679775486406
12,L,V,5.3124601330945485
12,L,Y,5.751500862270264
5,L,A,2.615748414799598
5,L,D,0.2369267885702236
5,L,E,-0.0021956207470565
5,L,F,4.257032930617751
5,L,G,1.0550317480080682
5,L,H,0.1813823841715342
5,L,I,3.325933164430676
5,L,K,-1.036954756634047
5,L,M,3.8915856382462657
5,L,N,0.0674447961826919
5,L,P,0.1966723877085246
5,L,Q,0.0963882606358037
5,L,R,-4.393559486681039
5,L,S,0.3482302146918457
5,L,T,0.4962593949983728
5,L,V,3.397843744461243
5,L,Y,1.956109277220311
7,L,A,3.277813660054992
7,L,D,1.1611303030440787
7,L,E,1.090646777060878
7,L,F,5.044187799950818
7,L,G,1.907281308225269
7,L,H,3.211114212656618
7,L,K,1.473146893308083
7,L,M,5.235875422763762
7,L,N,1.842145697689405
7,L,P,1.2533010445884658
7,L,Q,2.248972772184285
7,L,R,1.804427931930424
7,L,S,3.082291501412461
7,L,T,3.9474277530564654
7,L,V,5.4054970363196535
7,L,Y,5.239812023571703
1,M,A,5.111479923624488
1,M,D,5.359011004836825
1,M,E,5.29863615686488
1,M,F,5.554667808326362
1,M,G,5.000822471810053
1,M,H,5.600258465357487
1,M,I,5.467498842427256
1,M,K,5.174628473465586
1,M,L,5.256197032775242
1,M,N,5.414085170433498
1,M,P,4.62202077359637
1,M,Q,5.472967151145059
1,M,R,4.965622600360293
1,M,S,5.545335911269886
1,M,T,5.403885547558384
1,M,V,5.37093033711613
1,M,Y,5.864686410857139
35,N,A,5.721328002087946
35,N,D,4.723045461481393
35,N,E,5.123162760961257
35,N,F,5.857723717796576
35,N,G,4.843478238102836
35,N,H,5.4470535361269725
35,N,I,5.975729246837179
35,N,K,5.8875689645879286
35,N,L,5.454131877802707
35,N,M,5.928702353901262
35,N,P,1.7398893214133513
35,N,Q,5.570959973432126
35,N,R,5.682772364645118
35,N,S,5.612404948682759
35,N,T,5.382647201100527
35,N,V,5.352665863645147
35,N,Y,5.734608382624595
37,N,A,5.68020910981561
37,N,D,2.726638457547541
37,N,E,4.757477339306812
37,N,F,5.554048241465544
37,N,G,3.8828345915964695
37,N,H,5.725010272540448
37,N,I,5.565706662654728
37,N,K,5.444255171797538
37,N,L,5.885624208719742
37,N,M,5.675990681797665
37,N,P,1.1688600633963253
37,N,Q,5.536142105839499
37,N,R,5.595996831416398
37,N,S,4.914998448984571
37,N,T,4.57622789096913
37,N,V,5.775357117972835
37,N,Y,5.568375615005031
8,N,A,4.697031299537849
8,N,D,4.9959546671686095
8,N,E,4.780982681882978
8,N,F,5.236061959459115
8,N,G,3.623439412194047
8,N,H,4.9637573846398855
8,N,I,5.281024862863268
8,N,K,5.27173127052996
8,N,L,5.383852793684678
8,N,M,5.070975775192011
8,N,P,2.874280669887005
8,N,Q,4.895331683243649
8,N,R,5.131787165999485
8,N,S,4.649158638612128
8,N,T,4.703868423222845
8,N,V,5.252904657974015
8,N,Y,5.1942863598374265
32,Q,A,5.470261147704175
32,Q,D,4.449109842659023
32,Q,E,4.918851544321859
32,Q,F,4.111575343287258
32,Q,G,4.383060130915013
32,Q,H,4.670469713018155
32,Q,I,4.846601162288248
32,Q,K,5.834011525062069
32,Q,L,4.866851209257904
32,Q,M,4.935599697514919
32,Q,N,4.743642738639757
32,Q,P,1.987785096788329
32,Q,R,5.118327552802261
32,Q,S,4.700293582522155
32,Q,T,4.739465577668355
32,Q,V,4.916370632066203
32,Q,Y,4.214921168010177
11,T,A,5.079151414614044
11,T,D,5.328597328604761
11,T,E,4.9388151537501
11,T,F,5.466342262734805
11,T,G,4.909970802773622
11,T,H,5.610363757679193
11,T,I,5.113958933337486
11,T,K,5.366482202615199
11,T,L,5.184260867293505
11,T,M,5.117674082321381
11,T,N,5.821045790291608
11,T,P,3.262677310038394
11,T,Q,4.841904072161382
11,T,R,4.900645412889985
11,T,S,5.293805294507064
11,T,V,5.155291175253703
11,T,Y,5.232245851912525
16,T,A,5.159086106625928
16,T,D,2.9953830381011066
16,T,E,4.382569255071637
16,T,F,5.736515771006333
16,T,G,3.705549578471316
16,T,H,5.534100485615072
16,T,I,5.631210807459338
16,T,K,5.07763652702001
16,T,L,5.448411698014816
16,T,M,5.545267579515798
16,T,N,4.356068275629204
16,T,P,2.543652342244473
16,T,Q,5.0381243551088986
16,T,R,5.195451879184777
16,T,S,4.720940153934507
16,T,V,5.610345301411041
16,T,Y,5.9523817884119765
17,T,A,4.6808985046655085
17,T,D,4.048077738637037
17,T,E,4.966849502704573
17,T,F,5.38561474320236
17,T,G,3.602473914372255
17,T,H,5.158678875071302
17,T,I,4.960724321359622
17,T,K,4.741072702624749
17,T,L,4.8701479494412805
17,T,M,4.977748318658183
17,T,N,4.3379720014121546
17,T,P,1.8959364912501075
17,T,Q,5.02006527614531
17,T,R,4.940397340340342
17,T,S,5.099970088630238
17,T,V,4.972456049735643
17,T,Y,5.425243685516186
18,T,A,4.798433565276677
18,T,D,2.4585672198688013
18,T,E,3.277548079310189
18,T,F,5.060539347536435
18,T,G,3.0433250881727787
18,T,H,4.412250798117441
18,T,I,5.941368850050424
18,T,K,3.531554906509628
18,T,L,5.212232950829292
18,T,M,4.96394249806772
18,T,N,3.175195196132325
18,T,P,0.7889332005579384
18,T,Q,4.049192325094412
18,T,R,3.98837062942813
18,T,S,3.9146830456593
18,T,V,5.528029905483285
18,T,Y,5.003232287155578
25,T,A,5.317312070832356
25,T,D,4.858508458917983
25,T,E,5.755955851399568
25,T,F,4.777074945617847
25,T,G,4.769372372540089
25,T,H,5.293814945358861
25,T,I,4.637292547356763
25,T,K,4.526403422557503
25,T,L,4.570601060783545
25,T,M,5.67796079696023
25,T,N,4.623018810188332
25,T,P,1.91645237498585
25,T,Q,5.3706903660980245
25,T,R,4.4198165001738285
25,T,S,5.458900597244492
25,T,V,4.701275273113353
25,T,Y,4.699563368842652
44,T,A,4.737179268001832
44,T,D,4.935320634028578
44,T,E,5.007323048230592
44,T,F,4.912203481934387
44,T,G,4.451715353731396
44,T,H,5.298466322763577
44,T,I,4.785641958347103
44,T,K,4.800412232222913
44,T,L,4.69515968642644
44,T,M,4.904104827124488
44,T,N,4.9371337745941375
44,T,P,-1.1309496114025777
44,T,Q,4.986450874871983
44,T,R,4.79126386419141
44,T,S,5.303804430429635
44,T,V,5.060141993470776
44,T,Y,4.928835023922421
49,T,A,4.557585849876532
49,T,D,3.75714031009878
49,T,E,4.33249485679424
49,T,F,4.104946498749893
49,T,G,3.770015439733629
49,T,H,4.370448922908775
49,T,I,4.506748353177806
49,T,K,4.45089052325798
49,T,L,4.625486720676639
49,T,M,4.413923208100199
49,T,N,4.606500968912758
49,T,P,1.6930245358936786
49,T,Q,4.371985516726004
49,T,R,4.445608126297914
49,T,S,4.8871819886077885
49,T,V,4.302904003372867
49,T,Y,4.172504875229254
51,T,A,3.4930034177306144
51,T,D,0.8684163123074826
51,T,E,3.595455511099792
51,T,F,2.4517733291511146
51,T,G,1.692128564141693
51,T,H,2.470412020402356
51,T,I,4.349307997281684
51,T,K,2.961912016583305
51,T,L,3.765977767555603
51,T,M,3.51655879229792
51,T,N,2.2983987331709947
51,T,P,-4.424609989884164
51,T,Q,3.4703140343372234
51,T,R,3.0378486056209555
51,T,S,3.886909493195137
51,T,V,4.4666252551259085
51,T,Y,2.5940463283437847
53,T,A,3.919609909884145
53,T,D,2.377723266054573
53,T,E,4.0132774306720655
53,T,F,4.825297566779472
53,T,G,2.8842612624232977
53,T,H,4.313622658465892
53,T,I,4.78243736292638
53,T,K,4.2689216418822085
53,T,L,4.400220250406926
53,T,M,4.907044053684087
53,T,N,3.8157683984540274
53,T,P,-1.7854923240606744
53,T,Q,4.3535351258938775
53,T,R,4.591006625162335
53,T,S,4.430949591451761
53,T,V,4.820087703477469
53,T,Y,5.08818105640933
55,T,A,4.057582371027511
55,T,D,4.567880623723235
55,T,E,4.427128216619177
55,T,F,4.824948884304382
55,T,G,3.802165943183295
55,T,H,4.65067829955042
55,T,I,4.687664319015006
55,T,K,4.410654826024361
55,T,L,4.417851512751216
55,T,M,4.419911024638763
55,T,N,4.90281149343026
55,T,P,1.1335238777467374
55,T,Q,4.466062886964634
55,T,R,4.531846947368846
55,T,S,4.693591696399155
55,T,V,4.882115316927663
55,T,Y,4.709185300038007
21,V,A,5.318667890810621
21,V,D,5.052769642575953
21,V,E,5.184950780927121
21,V,F,5.274476841032826
21,V,G,4.853697746449919
21,V,H,5.289814677641264
21,V,I,5.501972368019433
21,V,K,5.1520323401434815
21,V,L,5.256699736647796
21,V,M,5.343687107527583
21,V,N,5.143852711299213
21,V,P,5.71741942620148
21,V,Q,4.983555247787464
21,V,R,4.942106554030865
21,V,S,5.135718831598346
21,V,T,5.287952321268319
21,V,Y,5.168838375527896
29,V,A,4.996284950830775
29,V,D,3.721292401721884
29,V,E,4.573678638499981
29,V,F,5.63569713739788
29,V,G,3.440831109569369
29,V,H,5.089208306999145
29,V,I,5.277644408985187
29,V,K,4.760941087963647
29,V,L,4.887976117383968
29,V,M,4.864658175059898
29,V,N,4.223994982040352
29,V,P,1.099137076141844
29,V,Q,4.704332943156913
29,V,R,4.961566581437341
29,V,S,4.362371383339783
29,V,T,4.985792743295573
29,V,Y,5.671712853024568
39,V,A,3.62143495731166
39,V,D,1.527297090536584
39,V,E,2.518943372744375
39,V,F,5.511999021786724
39,V,G,2.428151363524571
39,V,H,3.477690420949283
39,V,K,2.2193542559074846
39,V,L,4.983108290110608
39,V,M,4.708055368380013
39,V,N,2.5854271232587367
39,V,P,1.8461240087296849
39,V,Q,3.2458820280982623
39,V,R,2.211980164920159
39,V,S,2.683623542266081
39,V,T,3.252598906151773
39,V,Y,4.562751513712827
54,V,A,2.9238649843251845
54,V,D,0.4874530230063031
54,V,E,0.5907531884511046
54,V,F,4.047012459100495
54,V,G,0.5965215026958913
54,V,H,1.4976388192444916
54,V,I,4.959309026544963
54,V,K,0.932508700349954
54,V,L,4.89912937673094
54,V,M,4.123959005373489
54,V,N,1.9243325564713287
54,V,P,-0.2965922099976814
54,V,Q,1.223621913604398
54,V,R,0.8896154856883631
54,V,S,2.023538323543188
54,V,T,2.6704247602453406
54,V,Y,2.6365338495949846
33,Y,A,2.829258877066824
33,Y,D,1.3327876661053213
33,Y,E,2.236537676310787
33,Y,F,5.114084510501469
33,Y,G,0.923301861922924
33,Y,H,3.815168460551181
33,Y,I,4.494193678843361
33,Y,K,2.580642344383671
33,Y,L,4.214059386197491
33,Y,M,3.9474764054858698
33,Y,N,2.0330113422498526
33,Y,P,-1.813685752235874
33,Y,Q,2.848211477955379
33,Y,R,2.8367141871849584
33,Y,S,1.9474752194617304
33,Y,T,2.9427401948781693
33,Y,V,4.234549246040392
3,Y,A,0.4002362720973149
3,Y,D,0.2110929353943084
3,Y,E,0.171936845893946
3,Y,F,5.347191192114316
3,Y,G,0.0836670612175029
3,Y,H,2.9286870894526813
3,Y,I,1.4227277205092514
3,Y,K,-0.0373025628055744
3,Y,L,1.28117221304319
3,Y,M,1.6423302428099684
3,Y,N,0.4370316030020525
3,Y,P,0.1274175793429179
3,Y,Q,0.5679796694739432
3,Y,R,0.6760543048786207
3,Y,S,0.2933031073653698
3,Y,T,0.3695109128328807
3,Y,V,0.9726311489533176
45,Y,D,-0.2968432919011873
45,Y,E,0.3620023529246385
45,Y,F,4.770529583072007
45,Y,G,-0.8734368124303995
45,Y,H,1.7841861087126607
45,Y,I,1.7907442095677677
45,Y,K,1.134670312187762
45,Y,L,2.281516681411322
45,Y,M,1.8669887567266408
45,Y,N,0.5779800174042269
45,Y,P,-2.791146710988947
45,Y,Q,1.1226059835654916
45,Y,R,1.5932795824864965
45,Y,S,1.057333141318797
45,Y,T,0.752867897723603
45,Y,V,1.6718873665426592
