pos,wt,mut,fitness
2,Q,A,1.5179295497529313
2,Q,C,1.024400281738288
2,Q,D,0.9106649470986484
2,Q,E,0.9515824135262304
2,Q,F,1.6168192079027457
2,Q,G,1.2896369424792051
2,Q,H,1.2261637643038965
2,Q,I,1.2697919487887128
2,Q,K,1.3305036945547162
2,Q,L,1.3742277064277963
2,Q,M,1.4445468777906425
2,Q,N,1.131505662236123
2,Q,P,1.4239056028331958
2,Q,R,1.5481185092829657
2,Q,S,1.2748783337756249
2,Q,T,1.3254079666627312
2,Q,V,1.1760633609213869
2,Q,W,1.4558758578897228
2,Q,Y,1.39252807843799
3,Y,A,0.5786397133741181
3,Y,C,0.6162557825982484
3,Y,D,0.0095259347055497
3,Y,E,0.0088422770608152
3,Y,F,1.0542598525960891
3,Y,G,0.034045690742271
3,Y,H,1.15084215811454
3,Y,I,0.2876606607613065
3,Y,K,0.0519768306040198
3,Y,L,0.7908608370772942
3,Y,M,0.6037489907421615
3,Y,N,0.1111803402969584
3,Y,P,0.0685866516754143
3,Y,Q,0.1809620958344334
3,Y,R,0.0819145111129458
3,Y,S,0.277402492593396
3,Y,T,0.1506861351628294
3,Y,V,0.3052989723971759
3,Y,W,1.1137546192825958
4,K,A,0.7015623243659294
4,K,C,0.7608996468835603
4,K,D,0.5818196714701983
4,K,E,0.6078216814693123
4,K,F,0.7621827680338326
4,K,G,0.5656034523731608
4,K,H,0.7523233016418769
4,K,I,0.965114002259073
4,K,L,1.330318241874617
4,K,M,0.9583473379164434
4,K,N,0.6924670544182323
4,K,P,0.0324486102931905
4,K,Q,0.8969987173997528
4,K,R,1.0207305673735243
4,K,S,0.7452988513261527
4,K,T,0.8375614454740177
4,K,V,0.965917097313092
4,K,W,0.9313099651937716
4,K,Y,0.7721757721181247
5,L,A,0.5654692670962613
5,L,C,0.7797648385685159
5,L,D,0.0039045737927772
5,L,E,0.0072604724345437
5,L,F,0.5202595633023529
5,L,G,0.2232855997749069
5,L,H,0.1869749228977662
5,L,I,0.2060237289272776
5,L,K,0.0138580242117106
5,L,M,0.3684123447580586
5,L,N,0.3905183216452687
5,L,P,0.0071219903360318
5,L,Q,0.2018398548182885
5,L,R,0.0102300035453587
5,L,S,0.43141368092978
5,L,T,0.5840189565098818
5,L,V,0.7244693915432224
5,L,W,0.0481224063151267
5,L,Y,0.0826202176839243
6,I,A,0.7343692738504873
6,I,C,0.8640502132239258
6,I,D,0.6878120686921187
6,I,E,1.141097332502652
6,I,F,1.264448081047831
6,I,G,1.1453768328845366
6,I,H,1.0899913934984506
6,I,K,1.0866707578916932
6,I,L,1.419137594494038
6,I,M,0.8305977770535167
6,I,N,0.8329469448682831
6,I,P,0.0041090887155534
6,I,Q,1.1010144479945367
6,I,R,1.1005637920129985
6,I,S,0.7694213003108438
6,I,T,1.075217365202861
6,I,V,1.0550296248300903
6,I,W,1.221303108049533
6,I,Y,1.4107312175885018
7,L,A,0.9324805855280814
7,L,C,1.0359017890531388
7,L,D,0.0234277921905094
7,L,E,0.1342079546300338
7,L,F,0.3721714529568085
7,L,G,0.2673246561022943
7,L,H,0.0543243492099223
7,L,I,1.6990923120011052
7,L,K,0.2605970660507984
7,L,M,0.4129527905785165
7,L,N,0.2065981853996854
7,L,P,0.5204037252812596
7,L,Q,0.1809717846023056
7,L,R,0.1178234373216417
7,L,S,0.6392990323336983
7,L,T,0.8506726414905585
7,L,V,1.2568174605047528
7,L,W,0.0588584189550327
7,L,Y,0.1221600352191807
8,N,A,1.0221377763846309
8,N,C,1.110312067621091
8,N,D,0.9402104095058358
8,N,E,0.9348421516146656
8,N,F,1.59413618720252
8,N,G,0.9150033580823486
8,N,H,1.305576874930806
8,N,I,0.9102827047356856
8,N,K,1.294471640000089
8,N,L,0.9631399697662972
8,N,M,0.7450445976357375
8,N,P,0.0222278909665888
8,N,Q,1.097323868467829
8,N,R,1.4195625773728298
8,N,S,0.9380574482832426
8,N,T,0.6599996198837068
8,N,V,0.8985250272062555
8,N,W,1.2683107748012323
8,N,Y,1.5817250014339552
9,G,A,0.7977449952836966
9,G,C,0.6336853208693624
9,G,D,0.1328153519016453
9,G,E,0.1131003688937416
9,G,F,0.2586621380658551
9,G,H,0.2070608265426378
9,G,I,0.1381153443162433
9,G,K,0.1225615924855263
9,G,L,0.1958619677088847
9,G,M,0.1476305707078395
9,G,N,0.1214019411564529
9,G,P,0.2379423862577731
9,G,Q,0.1277460947018701
9,G,R,0.2447668301329592
9,G,S,0.4106876834682415
9,G,T,0.3059996198967204
9,G,V,0.1562438897761097
9,G,W,0.2696563649179456
9,G,Y,0.2507319376253701
10,K,A,0.9455308047034549
10,K,C,0.984351420435786
10,K,D,0.9550704042920606
10,K,E,0.8770402731122021
10,K,F,0.9837856182957868
10,K,G,0.6738149501525187
10,K,H,1.1015803389087389
10,K,I,1.0545814684130046
10,K,L,1.0614290450182
10,K,M,0.712856057726812
10,K,N,1.1466540620418408
10,K,P,0.3989117975422776
10,K,Q,0.9849043814125444
10,K,R,1.57576265544011
10,K,S,0.903018500887353
10,K,T,1.08017495262213
10,K,V,1.1068914991622485
10,K,W,1.107701847837807
10,K,Y,1.033034708106706
11,T,A,0.3487735317438531
11,T,C,0.3997611201236873
11,T,D,0.3294690450366273
11,T,E,0.3076199139976973
11,T,F,0.3870138141945471
11,T,G,0.2794021501434956
11,T,H,0.3794333741722719
11,T,I,0.3569304340247772
11,T,K,0.3851974823178804
11,T,L,0.3642343558695241
11,T,M,0.2375973068828149
11,T,N,0.4032365885716336
11,T,P,0.1808340986871453
11,T,Q,0.3701776966721719
11,T,R,0.4117145537306899
11,T,S,0.7399455672585341
11,T,V,0.3909867636480366
11,T,W,0.4023912356791936
11,T,Y,0.4148849088967428
12,L,A,0.180892604470348
12,L,C,0.2994356295515321
12,L,D,0.1331327378710997
12,L,E,0.1623176818344175
12,L,F,0.3766310811781941
12,L,G,0.1789653483207979
12,L,H,0.1816729919909757
12,L,I,0.4493567436093195
12,L,K,0.1965350794295407
12,L,M,0.2785833439821416
12,L,N,0.1423354995160161
12,L,P,0.1046874353499645
12,L,Q,0.2120737344073792
12,L,R,0.1960534940741276
12,L,S,0.179750948801948
12,L,T,0.2275207489593928
12,L,V,0.3321541926646688
12,L,W,0.1595450048298683
12,L,Y,0.1318517160749174
13,K,A,0.9857058633555305
13,K,C,1.1744955375026809
13,K,D,0.5537884968240464
13,K,E,0.8350525244989659
13,K,F,0.8231220579248681
13,K,G,0.7510240723274884
13,K,H,0.7781780144472282
13,K,I,0.8878035372805078
13,K,L,0.6344354817083295
13,K,M,0.8851711435937072
13,K,N,1.1212159978061789
13,K,P,0.1780932095509381
13,K,Q,0.9343324157256564
13,K,R,1.410723580015186
13,K,S,1.5927993378342262
13,K,T,1.6836995935557098
13,K,V,1.0852654047029349
13,K,W,1.8656371440633708
13,K,Y,0.6159840488132697
14,G,A,0.2218127370434904
14,G,C,0.2232789269121897
14,G,D,0.135313664144302
14,G,E,0.2455756982209783
14,G,F,0.1218176213076933
14,G,H,0.2074452718721446
14,G,I,0.2118941009457513
14,G,K,0.1287102898276328
14,G,L,0.1399725907159791
14,G,M,0.0795653996923411
14,G,N,0.2148539230511247
14,G,P,0.0860342875532625
14,G,Q,0.2014125754527668
14,G,R,0.1664541720704338
14,G,S,0.2072826054490171
14,G,T,0.2411928947093547
14,G,V,0.2390177012099113
14,G,W,0.2732019804351396
14,G,Y,0.1675420554287705
15,E,A,0.8962485559236288
15,E,C,1.2364967685279749
15,E,D,0.6122526791682911
15,E,F,1.2362642236422985
15,E,G,0.5051621256705408
15,E,H,1.6880684706103748
15,E,I,1.3972499000239904
15,E,K,1.0738701897006249
15,E,L,0.9675026858312992
15,E,M,0.8351005696979631
15,E,N,0.8178056855938874
15,E,P,0.2130215656038025
15,E,Q,1.37153172830724
15,E,R,1.4300050460302078
15,E,S,1.5308864575769698
15,E,T,1.4704485430895438
15,E,V,1.4848147375369385
15,E,W,1.4513395621265617
15,E,Y,1.6629486779670748
16,T,A,0.4412449137836064
16,T,C,0.5403571224592036
16,T,D,0.2208229784927785
16,T,E,0.4601806735001566
16,T,F,0.3914690297352615
16,T,G,0.4659530044718981
16,T,H,0.54261926829895
16,T,I,0.8365031956167998
16,T,K,0.8206393381415256
16,T,L,0.7615306977132834
16,T,M,0.5402144308543139
16,T,N,0.4521008976974169
16,T,P,0.4226140478455658
16,T,Q,0.6962752092157707
16,T,R,1.0043514970650986
16,T,S,0.5639172398862905
16,T,V,0.7381430103172735
16,T,W,0.3034275147956313
16,T,Y,0.3899384852268931
17,T,A,1.2290167209138396
17,T,C,1.11649386793995
17,T,D,0.4370949000515597
17,T,E,0.7161628978074993
17,T,F,1.1051339243890934
17,T,G,1.8765169307465
17,T,H,1.3422774519452412
17,T,I,0.7231004134215512
17,T,K,1.0287683480337848
17,T,L,0.8452546032357011
17,T,M,0.9382839193788276
17,T,N,0.7758108365708203
17,T,P,0.3508333510201866
17,T,Q,1.0938409307340713
17,T,R,1.4380938199029556
17,T,S,1.1559781127479176
17,T,V,0.7754507232810112
17,T,W,1.4542708204171308
17,T,Y,1.1127129276937116
18,T,A,1.1075703786013111
18,T,C,1.183474588050743
18,T,D,0.2766197180351493
18,T,E,0.2616616194033144
18,T,F,0.9198443329875612
18,T,G,0.6466202587639712
18,T,H,1.020214669968696
18,T,I,0.8590850548909916
18,T,K,1.1385503427282462
18,T,L,0.5881404970606445
18,T,M,0.3582311101724235
18,T,N,0.8104370521904604
18,T,P,0.0398942167892763
18,T,Q,0.6773311674833224
18,T,R,1.2016382126634153
18,T,S,0.9476739631853298
18,T,V,1.1508373285613849
18,T,W,0.9825827591352994
18,T,Y,0.9647720917590412
19,E,A,1.460938039466794
19,E,C,1.3390229285900692
19,E,D,1.1892167842521508
19,E,F,1.562367192574848
19,E,G,1.4098518280339114
19,E,H,1.4887979389790518
19,E,I,1.58503065290759
19,E,K,1.5580621642312125
19,E,L,1.5451766775826798
19,E,M,1.174376194873752
19,E,N,1.5069932719844537
19,E,P,1.5232802967475452
19,E,Q,1.483660910732112
19,E,R,1.6170351595899832
19,E,S,1.4020467890858082
19,E,T,1.400103962982822
19,E,V,1.5773195288665671
19,E,W,1.5613187689358825
19,E,Y,1.5275656079678863
20,A,C,0.8912997836824966
20,A,D,0.2798273608168982
20,A,E,0.4012587654533783
20,A,F,0.2431009974326449
20,A,G,0.9211966934278056
20,A,H,0.5954143159309657
20,A,I,0.3321569538700791
20,A,K,1.6402860576753522
20,A,L,0.3995350145224453
20,A,M,0.5373627116573488
20,A,N,0.7881993227274148
20,A,P,0.3061309354898035
20,A,Q,0.8880877782364003
20,A,R,2.372202476960965
20,A,S,1.1229894175663293
20,A,T,1.0896060269668908
20,A,V,1.0616903752756626
20,A,W,0.3949238517159258
20,A,Y,0.3124253710547512
21,V,A,0.9885352354119102
21,V,C,1.1018061903698722
21,V,D,0.7465215659452694
21,V,E,0.6585317159614974
21,V,F,1.3580658113472197
21,V,G,1.1197217701795792
21,V,H,1.0770244797939377
21,V,I,1.1520748511333383
21,V,K,0.9928217582450296
21,V,L,1.025108238268881
21,V,M,0.7641800497624015
21,V,N,1.1102997547571334
21,V,P,0.9170905839699542
21,V,Q,0.9750458433667144
21,V,R,1.5487160286565618
21,V,S,0.9981829780149672
21,V,T,0.9521150642647422
21,V,W,1.4489328375538788
21,V,Y,1.3620577139248746
22,D,A,1.6567772332591464
22,D,C,1.4415476885303458
22,D,E,1.561744017713761
22,D,F,1.419638931944505
22,D,G,1.4841349932762269
22,D,H,1.4209918640079158
22,D,I,1.4385523514822651
22,D,K,1.0608592273689077
22,D,L,1.485824354708445
22,D,M,1.16377617222332
22,D,N,1.250227007528793
22,D,P,1.0163150718004017
22,D,Q,1.5747442647178806
22,D,R,1.2438685328736727
22,D,S,1.2516196639777988
22,D,T,1.3935753375407354
22,D,V,1.5448078255550222
22,D,W,1.6402096789839375
22,D,Y,1.4193839134661963
23,A,C,0.3448360209003821
23,A,D,0.4059303150408825
23,A,E,0.2655713845593327
23,A,F,0.0082807709899025
23,A,G,0.5138948253004412
23,A,H,0.0713446417467731
23,A,I,0.0850998762973871
23,A,K,0.0635057216797234
23,A,L,0.0833522799336672
23,A,M,0.0357012795531597
23,A,N,0.5567467962593591
23,A,P,1.0753265594938173
23,A,Q,0.0821646422935713
23,A,R,0.0598451931335206
23,A,S,0.8547658496343989
23,A,T,0.3435868877789322
23,A,V,0.2535483986294312
23,A,W,0.0058467068307408
23,A,Y,0.0067918458197503
24,A,C,1.9488160540047024
24,A,D,1.0724935563005034
24,A,E,3.5245740407796893
24,A,F,3.652134633035537
24,A,G,2.462059253343136
24,A,H,3.720011308478304
24,A,I,1.4623471986744
24,A,K,0.1568745543373882
24,A,L,1.303943896450813
24,A,M,2.148531793766309
24,A,N,2.4430136701530203
24,A,P,3.468044324166278
24,A,Q,2.800017554937292
24,A,R,0.474441311184685
24,A,S,2.0858531846455945
24,A,T,2.4328950064443045
24,A,V,1.6326749695905356
24,A,W,4.288176983762428
24,A,Y,5.021864412096599
25,T,A,1.1583777115092988
25,T,C,1.4049596354247722
25,T,D,0.3778763393767529
25,T,E,0.352420656204899
25,T,F,1.7917137082434091
25,T,G,0.93089097349569
25,T,H,1.4169089257547822
25,T,I,1.5109626501734583
25,T,K,1.2320894503457755
25,T,L,1.1239152926644058
25,T,M,2.0508864346687696
25,T,N,0.9499109679494538
25,T,P,1.1963172080036342
25,T,Q,1.648787090997739
25,T,R,2.3626329867685825
25,T,S,1.4763667392315072
25,T,V,0.9503292622256344
25,T,W,2.170777075184875
25,T,Y,1.1603428892998515
26,A,C,0.7362241068629782
26,A,D,0.0059158669439249
26,A,E,0.0073954254901033
26,A,F,0.0074743230591938
26,A,G,1.153009414668431
26,A,H,0.006518115957632
26,A,I,0.149047521411394
26,A,K,0.0052949208746424
26,A,L,0.0100929157215469
26,A,M,0.1219329271268458
26,A,N,0.0142014571076664
26,A,P,0.2334924467194533
26,A,Q,0.063012915827523
26,A,R,0.0091604577892161
26,A,S,1.03971274531916
26,A,T,0.4408545438579911
26,A,V,0.3244875356380939
26,A,W,0.0248805463734025
26,A,Y,0.0081134739193648
27,E,A,0.0023072190719993
27,E,C,0.0051408920894194
27,E,D,0.0034804419522905
27,E,F,0.0021620121128689
27,E,G,0.003089268967114
27,E,H,0.0028048163484036
27,E,I,0.0030507918610404
27,E,K,0.0024623130668044
27,E,L,0.0024857932645428
27,E,M,0.0024304325199321
27,E,N,0.0028404660781809
27,E,P,0.0035285770350074
27,E,Q,0.0024614790185201
27,E,R,0.0023404663863725
27,E,S,0.0024136872341287
27,E,T,0.0029473210814716
27,E,V,0.0028180833829353
27,E,W,0.0023884461070863
27,E,Y,0.002904939612172
28,K,A,0.0500928225941034
28,K,C,0.1360116298567734
28,K,D,0.0050193802448849
28,K,E,0.0052177533293967
28,K,F,0.1388129053445655
28,K,G,0.0479200263027239
28,K,H,0.0997292061235716
28,K,I,0.2823977226568361
28,K,L,0.1954698912638823
28,K,M,0.1291409207589979
28,K,N,0.0429328226054901
28,K,P,0.073404337624759
28,K,Q,0.0525686958623363
28,K,R,0.4274590286830554
28,K,S,0.0403744892995833
28,K,T,0.0925657125372993
28,K,V,0.1708429837330732
28,K,W,0.0398189940817125
28,K,Y,0.0444018285991172
29,V,A,1.3407418921902563
29,V,C,1.3180987124878345
29,V,D,0.25634166972678
29,V,E,0.2857694392193329
29,V,F,1.002777280454872
29,V,G,0.9681684879550898
29,V,H,1.189040947651561
29,V,I,1.2963278618940577
29,V,K,2.2696500842544065
29,V,L,1.276271445568323
29,V,M,1.1951648621191369
29,V,N,1.447046297465561
29,V,P,0.1122528638146971
29,V,Q,1.3436824248657542
29,V,R,2.69334447915732
29,V,S,1.2735827679579077
29,V,T,1.2620855455269446
29,V,W,0.7596095720321171
29,V,Y,1.0573399253653215
30,F,A,0.2153682071291485
30,F,C,0.5779356491283305
30,F,D,0.0041374196459884
30,F,E,0.0047216936028846
30,F,G,0.0478290321603925
30,F,H,0.8338779593744513
30,F,I,0.2000577177148641
30,F,K,0.0685468361565556
30,F,L,0.7862255247516344
30,F,M,0.655110599718723
30,F,N,0.1501768617003856
30,F,P,0.0058711860976285
30,F,Q,0.0791941019443284
30,F,R,0.0049852138364839
30,F,S,0.3518816410305506
30,F,T,0.091582954282955
30,F,V,0.4050595098033287
30,F,W,0.4453684129772545
30,F,Y,0.4184974069101332
31,K,A,0.0031977838542218
31,K,C,0.0065250332303269
31,K,D,0.0027801300909875
31,K,E,0.002809527387395
31,K,F,0.0030469131049728
31,K,G,0.0028883038318058
31,K,H,0.0021266701170456
31,K,I,0.0037340113884694
31,K,L,0.0060525276889444
31,K,M,0.0108282121727094
31,K,N,0.0035462064007302
31,K,P,0.0036290968269993
31,K,Q,0.0035553622233013
31,K,R,0.2337249943282648
31,K,S,0.0027403682485248
31,K,T,0.0023360217196163
31,K,V,0.0028302472176472
31,K,W,0.0046899643708886
31,K,Y,0.002176612694721
32,Q,A,0.7879107410071637
32,Q,C,0.8050601329663011
32,Q,D,0.0585183756564945
32,Q,E,0.075500211949511
32,Q,F,0.2325995382202869
32,Q,G,1.4970315896478903
32,Q,H,1.1486894723482168
32,Q,I,0.3931570631216037
32,Q,K,1.282661187577343
32,Q,L,0.9610172131124024
32,Q,M,0.8175707875644195
32,Q,N,1.6328497375853737
32,Q,P,0.0186988317009565
32,Q,R,1.3717559876628322
32,Q,S,0.9032776795122492
32,Q,T,0.6643031291593662
32,Q,V,0.4177431304610811
32,Q,W,0.2433059378224659
32,Q,Y,0.2077290459056395
33,Y,A,0.1914597451056618
33,Y,C,0.3069935556229897
33,Y,D,0.0201200891639823
33,Y,E,0.0448594979360263
33,Y,F,1.577954470220274
33,Y,G,0.3112165854353215
33,Y,H,0.3716698160287765
33,Y,I,0.2256548129208347
33,Y,K,0.3269672700137575
33,Y,L,0.6632520868195032
33,Y,M,0.4791081589364496
33,Y,N,0.187432878908338
33,Y,P,0.0082346198219596
33,Y,Q,0.2494570098954992
33,Y,R,0.3027358721880533
33,Y,S,0.1824366251535303
33,Y,T,0.1648299460117936
33,Y,V,0.1722278897222806
33,Y,W,0.659123794915737
34,A,C,1.0375634104539668
34,A,D,0.0042027438634929
34,A,E,0.0040399150115285
34,A,F,0.0125658719454941
34,A,G,0.2534428348599859
34,A,H,0.0050727233022244
34,A,I,0.0523386434506444
34,A,K,0.0035491625581166
34,A,L,0.0416030866815033
34,A,M,0.7687439845442109
34,A,N,0.0063111661100843
34,A,P,0.003911617710349
34,A,Q,0.005126391370325
34,A,R,0.0115857485231681
34,A,S,0.7907886286484129
34,A,T,0.209920138601046
34,A,V,0.1792176790091252
34,A,W,0.0088871845116065
34,A,Y,0.018459199666273
35,N,A,0.0126734304314232
35,N,C,0.0508127897190879
35,N,D,0.0068112603793331
35,N,E,0.0068497794089735
35,N,F,0.0184480766081556
35,N,G,0.05181457077612
35,N,H,0.0156617200018484
35,N,I,0.0318441512271455
35,N,K,0.0070732322794921
35,N,L,0.0101103838773384
35,N,M,0.0122759442295548
35,N,P,0.0030302269662972
35,N,Q,0.0081185916321749
35,N,R,0.0136838953747374
35,N,S,0.0491325173817166
35,N,T,0.0965097517738323
35,N,V,0.0103173935221694
35,N,W,0.0298942463713284
35,N,Y,0.0151655547168393
36,D,A,1.6598266933406285
36,D,C,1.5062564687469064
36,D,E,1.1410601167634271
36,D,F,0.8992903231004089
36,D,G,1.847374832435536
36,D,H,1.1092283399803398
36,D,I,1.3440052100744693
36,D,K,1.3072672199295552
36,D,L,1.4527012241988415
36,D,M,1.4267525771586391
36,D,N,1.862934325003292
36,D,P,0.014109144368759
36,D,Q,1.3481470679990382
36,D,R,1.7023782612143643
36,D,S,1.6741207276583523
36,D,T,1.4588733330199863
36,D,V,1.66195856602405
36,D,W,0.8772800300127099
36,D,Y,1.0319309527076337
37,N,A,0.2244282860135277
37,N,C,0.5801760526067006
37,N,D,0.0636100403303019
37,N,E,0.1498364239107044
37,N,F,0.0572770497497699
37,N,G,0.3793460527300378
37,N,H,0.3446319684682794
37,N,I,0.371335428430177
37,N,K,0.2086942303530497
37,N,L,0.3062954612022459
37,N,M,0.2102960517531428
37,N,P,0.0055928615117013
37,N,Q,0.2802650623368998
37,N,R,0.192037143985718
37,N,S,0.595531303118261
37,N,T,0.4578219153248322
37,N,V,0.2749014371598992
37,N,W,0.1574756150931436
37,N,Y,0.0989012228149388
38,G,A,0.996654001610008
38,G,C,0.5436408232354822
38,G,D,0.5638969844912132
38,G,E,0.4515750406282686
38,G,F,0.5664747608512352
38,G,H,0.4594942774070112
38,G,I,0.2070363575850506
38,G,K,0.4243841618032694
38,G,L,0.6199631205182019
38,G,M,0.4609999095160636
38,G,N,0.4983724528413633
38,G,P,0.0068774387905371
38,G,Q,0.4545778193689234
38,G,R,0.422913129417868
38,G,S,0.5941021699853204
38,G,T,0.4712426714741591
38,G,V,0.4116252819370158
38,G,W,0.6185933288628781
38,G,Y,0.6347321019750336
39,V,A,0.0534311938707479
39,V,C,0.2090631389911082
39,V,D,0.0055857437944093
39,V,E,0.0282383268828234
39,V,F,0.3254571826775879
39,V,G,0.0071615163252014
39,V,H,0.0228534616725391
39,V,I,1.2478899146461548
39,V,K,0.017399675297256
39,V,L,1.4586974434310307
39,V,M,1.01024431491685
39,V,N,0.0100354678164276
39,V,P,0.0077212349054874
39,V,Q,0.0886115386883499
39,V,R,0.0148460871651269
39,V,S,0.029613101750379
39,V,T,0.212786706817385
39,V,W,0.0089730979722085
39,V,Y,0.0621591062159053
40,D,A,2.0723957397575647
40,D,C,1.586449392306422
40,D,E,0.7430271201111606
40,D,F,2.636231445313912
40,D,G,0.7456984223956137
40,D,H,2.659203410473633
40,D,I,1.546340086073983
40,D,K,0.9820526593334744
40,D,L,0.7830507656670398
40,D,M,0.94377118756539
40,D,N,1.5560144291276767
40,D,P,0.3470897740047169
40,D,Q,0.9613470832690764
40,D,R,1.4201260476944997
40,D,S,1.8672915384503144
40,D,T,1.005856114533176
40,D,V,1.6809368143357255
40,D,W,3.3671598336770607
40,D,Y,3.3585296118599417
41,G,A,0.1040633537528636
41,G,C,0.0523980904999202
41,G,D,0.0051384223337849
41,G,E,0.0055533592235435
41,G,F,0.0578434889022993
41,G,H,0.0037516903340029
41,G,I,0.0029551346331005
41,G,K,0.0035172671719918
41,G,L,0.0084320611665203
41,G,M,0.0113148721000714
41,G,N,0.0049592706008552
41,G,P,0.0042330204768072
41,G,Q,0.0036070143047178
41,G,R,0.0037563748321168
41,G,S,0.0119828606288825
41,G,T,0.0035445924489238
41,G,V,0.0137990010290173
41,G,W,0.0064912121291141
41,G,Y,0.0118362913538648
42,E,A,1.5351077114198235
42,E,C,1.5306157735632886
42,E,D,1.1848453200824198
42,E,F,1.5964451840028793
42,E,G,1.5670144482592585
42,E,H,1.3122428162858486
42,E,I,1.896118485236872
42,E,K,1.6419941638323037
42,E,L,2.13770163725904
42,E,M,1.733995147194469
42,E,N,1.5448260051431542
42,E,P,0.6871308829609765
42,E,Q,2.150899575197254
42,E,R,1.9048181141625569
42,E,S,1.6612729858125015
42,E,T,1.832548718885132
42,E,V,1.826313594722789
42,E,W,2.0862764872857915
42,E,Y,1.5668586164338485
43,W,A,0.0037714437768184
43,W,C,0.0046544167990223
43,W,D,0.0033571399362295
43,W,E,0.0032431292500743
43,W,F,0.0131190756252043
43,W,G,0.0046801207023432
43,W,H,0.0042082674586169
43,W,I,0.0031955232329626
43,W,K,0.0026328184382407
43,W,L,0.003635067530254
43,W,M,0.0030365363708729
43,W,N,0.0028226468346795
43,W,P,0.0030715081228331
43,W,Q,0.0032929821012192
43,W,R,0.0049034660870333
43,W,S,0.0032843412078098
43,W,T,0.0035625566173152
43,W,V,0.0033144764660767
43,W,Y,0.0080624211147865
44,T,A,1.46152476402403
44,T,C,0.9615856334358988
44,T,D,0.6876468973281017
44,T,E,0.9864308504374576
44,T,F,1.0231444508142356
44,T,G,1.3995502631155805
44,T,H,1.1340968142153156
44,T,I,0.5764066773489834
44,T,K,1.2333751072981396
44,T,L,1.007711474784729
44,T,M,1.172454350185245
44,T,N,0.8266925710160642
44,T,P,0.0093895373173523
44,T,Q,1.4383768785936637
44,T,R,1.2173127270563704
44,T,S,1.1673888003517687
44,T,V,0.489155680195077
44,T,W,1.2741264744434573
44,T,Y,0.8686715197715321
45,Y,A,0.0542928971434004
45,Y,C,0.2063859788996416
45,Y,D,0.0094921384314151
45,Y,E,0.0126077403842236
45,Y,F,0.9115250441410926
45,Y,G,0.0363404198544334
45,Y,H,0.2395889693582004
45,Y,I,0.2354187412665568
45,Y,K,0.0478357313710224
45,Y,L,0.4401295779654399
45,Y,M,0.2772265606419553
45,Y,N,0.0446791565339141
45,Y,P,0.0073422652145047
45,Y,Q,0.0254466400569246
45,Y,R,0.0478933336864399
45,Y,S,0.0412988630039793
45,Y,T,0.0402124312708047
45,Y,V,0.1362001350654394
45,Y,W,1.8087550512333288
46,D,A,1.2301655754262146
46,D,C,1.2939637206720076
46,D,E,1.0015644142294602
46,D,F,1.0586327030690774
46,D,G,1.1622658149385812
46,D,H,1.2550166227423032
46,D,I,1.20442242227786
46,D,K,1.3356510849334249
46,D,L,1.239126564883387
46,D,M,1.2116046871468311
46,D,N,1.3738454245766225
46,D,P,0.0333436499253881
46,D,Q,1.2431494349705343
46,D,R,1.3650434252731187
46,D,S,1.3929688177021773
46,D,T,1.5639397514844604
46,D,V,1.2813121443535276
46,D,W,1.142415725978256
46,D,Y,0.9837431385177796
47,D,A,1.7156711718349669
47,D,C,1.4099628704542355
47,D,E,1.120310355665857
47,D,F,1.76005185989232
47,D,G,1.5793274629157323
47,D,H,2.1799253738415554
47,D,I,1.4365775564943488
47,D,K,2.140053123687489
47,D,L,1.5206170708129605
47,D,M,1.403866535767014
47,D,N,1.6612945970840758
47,D,P,1.9073910232410187
47,D,Q,1.7047813518697623
47,D,R,2.7953673517893454
47,D,S,1.7900377308959992
47,D,T,1.5153877352128071
47,D,V,1.5230222315592448
47,D,W,2.1390331460718808
47,D,Y,1.7395343717016285
48,A,C,1.2042957995195844
48,A,D,1.0974999227276585
48,A,E,1.1544089527955483
48,A,F,1.378999459821158
48,A,G,1.2379565092060314
48,A,H,1.3618664878864697
48,A,I,1.3710104054020358
48,A,K,1.3380217780228991
48,A,L,1.323384977400417
48,A,M,1.302914708025791
48,A,N,1.2542962462062437
48,A,P,1.2687933003353251
48,A,Q,1.313235567491334
48,A,R,1.3402413182418125
48,A,S,1.2717389670818282
48,A,T,1.2963904257427843
48,A,V,1.3414858593449928
48,A,W,1.3095605193256428
48,A,Y,1.3109093060444643
49,T,A,1.1762470475187887
49,T,C,1.2355941552338918
49,T,D,1.0760866479457434
49,T,E,1.1723887493157723
49,T,F,1.207374215269626
49,T,G,1.1666981063900757
49,T,H,1.273473784363355
49,T,I,1.4321401104582834
49,T,K,1.3388015480095667
49,T,L,1.2616153480970005
49,T,M,1.1916520382017186
49,T,N,1.1605333603553325
49,T,P,0.987174198594484
49,T,Q,1.220332684265801
49,T,R,1.309458832063184
49,T,S,1.2990999045637972
49,T,V,1.1480974333875382
49,T,W,1.299144149276546
49,T,Y,1.2796193225141637
50,K,A,1.1609556275314892
50,K,C,0.9669324716754962
50,K,D,0.9514121971219334
50,K,E,1.005783041780202
50,K,F,0.7549003392584761
50,K,G,1.5613514752006958
50,K,H,1.1816716328273031
50,K,I,0.8392931537937144
50,K,L,0.8895248202591598
50,K,M,0.7971849782839688
50,K,N,0.9557389338736996
50,K,P,0.3819347295025284
50,K,Q,1.0796487398201282
50,K,R,1.3331409283174551
50,K,S,1.100795677228105
50,K,T,1.006234600590407
50,K,V,1.0651334777679098
50,K,W,0.9486723622044222
50,K,Y,0.832461634136386
51,T,A,0.8357416579281931
51,T,C,1.173745071051746
51,T,D,1.232327531416734
51,T,E,1.533342416285432
51,T,F,1.5835746057582656
51,T,G,1.0675750303367042
51,T,H,1.677484365238673
51,T,I,1.7615713702920688
51,T,K,1.6860151998234951
51,T,L,2.0806760245236005
51,T,M,1.8326896031347628
51,T,N,1.3963911059171417
51,T,P,0.020020227106053
51,T,Q,1.6758924625936358
51,T,R,1.6855101970562087
51,T,S,0.8772231192812571
51,T,V,1.797913135518294
51,T,W,1.7206156522566776
51,T,Y,1.6283669310388051
52,F,A,0.0175762765827737
52,F,C,0.0223002161747429
52,F,D,0.0036690023238562
52,F,E,0.0039916212336354
52,F,G,0.0049222653324057
52,F,H,0.0222283897874652
52,F,I,0.0598380284676624
52,F,K,0.0038949987876539
52,F,L,0.2112271451237938
52,F,M,0.1838392609836252
52,F,N,0.0041516814563351
52,F,P,0.0040613392290531
52,F,Q,0.0044744717070874
52,F,R,0.0040337119372708
52,F,S,0.0061610556533789
52,F,T,0.0072081810704311
52,F,V,0.0324359702447096
52,F,W,0.0071754929385932
52,F,Y,0.1052699811054744
53,T,A,1.003949138333346
53,T,C,0.9228862677410764
53,T,D,0.6316680151300728
53,T,E,0.9628221095801645
53,T,F,0.5407339628575015
53,T,G,1.7786187195119545
53,T,H,0.6780025447597987
53,T,I,0.7593846645339417
53,T,K,0.9525678973067744
53,T,L,0.5560807654767151
53,T,M,0.8008169786783451
53,T,N,0.7639235500389958
53,T,P,0.0086389776517013
53,T,Q,1.021871125099946
53,T,R,0.9044854031163954
53,T,S,1.1723260491504222
53,T,V,1.0655987470954946
53,T,W,1.0068401548087813
53,T,Y,0.5864378104012693
54,V,A,1.1849253748987305
54,V,C,1.2202988801683874
54,V,D,0.0272223491350173
54,V,E,0.0304718563595079
54,V,F,0.7083821192265543
54,V,G,0.2294166514172791
54,V,H,0.1396761455840217
54,V,I,0.325460895815185
54,V,K,0.0066069470457767
54,V,L,0.328367537388372
54,V,M,0.5054448628848117
54,V,N,0.1942659405063749
54,V,P,0.0065213817957747
54,V,Q,0.1072786479104104
54,V,R,0.0053229249628778
54,V,S,0.4278660644372184
54,V,T,0.5309395043280202
54,V,W,0.6041317956971297
54,V,Y,0.0246196170934625
55,T,A,0.6829444203515439
55,T,C,0.7004347066168379
55,T,D,0.50989798817616
55,T,E,0.6180047232278217
55,T,F,0.6048622370543004
55,T,G,0.4524110697948613
55,T,H,0.5968197897042921
55,T,I,0.5509103059378077
55,T,K,0.8488592839628796
55,T,L,0.5865553177127915
55,T,M,0.6215249414324093
55,T,N,0.6149016300811287
55,T,P,0.0328191365954373
55,T,Q,0.6815776915757089
55,T,R,0.941044540506156
55,T,S,0.8396846687159235
55,T,V,0.669375641434114
55,T,W,0.7981799664417153
55,T,Y,0.6626754188851062
56,E,A,0.3062890023260608
56,E,C,0.2070857952780017
56,E,D,0.1708743040900302
56,E,F,0.2072649068916661
56,E,G,0.2311997621710834
56,E,H,0.2440003319605059
56,E,I,0.1364959013297492
56,E,K,0.2575576486657991
56,E,L,0.1371914675699579
56,E,M,0.1716511018484246
56,E,N,0.2119407833152998
56,E,P,0.1416154903670415
56,E,Q,0.407220851926719
56,E,R,0.266609671413138
56,E,S,0.356418682850974
56,E,T,0.4103701037515045
56,E,V,0.2480138785228837
56,E,W,0.3008229609366499
56,E,Y,0.1898208158510443
